品牌名称,英文名称,机构官网,成立时间,主要投资领域,累计投资企业数,基金管理人数,管理基金数,管理规模区间,被投公司简称,社保缴纳人数,市值,交易轮次,来源,交易时间,交易金额,注册资本,实缴资本,累计融资金额,高精尖产业,国民经济产业,战略新兴产业,标签,注册地址,办公地址,一句话简介,品牌url,被投公司url
挚信资本,Trustbridge Partners,http://www.trustbridgepartners.com/,2006-10-09,"电子商务,企业服务,医疗健康,教育,文体行业,传统文娱传媒,媒体",219,3,8,,粉笔网,325,无,A轮,媒体报道,2021-02-07,USD:390000000.00,CNY:10000000.0,CNY:10000000.00,CNY:2535000000.00,无,"科学研究和技术服务业,科技推广和应用服务业,其他科技推广服务业","其他科技推广服务业,科技推广和应用服务业,科学研究和技术服务业","在线教育,学前教育,考研国考,公务员培训,公务员考试,证书考试,教育,大学教育,职业培训,法律培训,司法考试,语言学习,英语学习,消费升级",北京市朝阳区阜通东大街1号院5号楼2单元28层322801至322809室,北京市朝阳区望京广顺南大街8号院利星行中心A座F区4层,职业在线教育平台,https://cloud.jingdata.com/#/insight/InsightOrg/167,https://cloud.jingdata.com/#/insight/InsightCompany/legal-36ce6gl6h1
挚信资本,Trustbridge Partners,http://www.trustbridgepartners.com/,2006-10-09,"电子商务,企业服务,医疗健康,教育,文体行业,传统文娱传媒,媒体",219,3,8,,容联云通讯,208,无,战略投资,媒体报道,2021-02-04,USD:300000000.00,CNY:100000000.0,CNY:5420000.00,CNY:5716000000.00,无,"科学研究和技术服务业,科技推广和应用服务业,其他科技推广服务业","其他科技推广服务业,科技推广和应用服务业,科学研究和技术服务业","云计算,SaaS,聊天机器人,通讯,系统工具,电话通讯,企业IM,通讯录,即时通讯,网络电话,企业服务,云服务,PaaS,云通讯,云计算平台,软件应用,中关村国家自主创新示范区2017年度“瞪羚企业”名单,2020胡润中国瞪羚企业,瞪羚获奖企业",北京市朝阳区广顺北大街33号院1号楼13层一单元1601室,北京市朝阳区广顺北大街33号福码大厦A座16层,企业通讯云服务提供商,https://cloud.jingdata.com/#/insight/InsightOrg/167,https://cloud.jingdata.com/#/insight/InsightCompany/legal-43d1opujka
挚信资本,Trustbridge Partners,http://www.trustbridgepartners.com/,2006-10-09,"电子商务,企业服务,医疗健康,教育,文体行业,传统文娱传媒,媒体",219,3,8,,顺丰同城实业,1,无,战略投资,媒体报道,2021-02-01,无,CNY:770040000.0,无,无,无,"租赁和商务服务业,商务服务业,综合管理服务,供应链管理服务","商务服务业,供应链管理服务,租赁和商务服务业,综合管理服务","企业服务,广告营销,营销策划,通用类企业服务,供应链管理,咨询服务,企业管理咨询,商务咨询,企业管理",浙江省杭州市拱墅区舟山东路198号宸创大厦16层1626室,浙江省杭州市拱墅区舟山东路198号宸创大厦16层1626,企业管理服务商,https://cloud.jingdata.com/#/insight/InsightOrg/167,https://cloud.jingdata.com/#/insight/InsightCompany/legal-7mg63epm46
挚信资本,Trustbridge Partners,http://www.trustbridgepartners.com/,2006-10-09,"电子商务,企业服务,医疗健康,教育,文体行业,传统文娱传媒,媒体",219,3,8,,火花思维,64,无,E轮及以后,媒体报道,2021-01-24,USD:150000000.00,CNY:2298900.0,CNY:2298900.00,CNY:3900000000.00,无,"科学研究和技术服务业,科技推广和应用服务业,其他科技推广服务业","其他科技推广服务业,科技推广和应用服务业,科学研究和技术服务业","新兴电商,K12,思维教育,学前教育,早教,玩具租赁,共享经济,婴幼儿,电子商务,教育,在线教育,互联网教育,物品租赁,智力开发,消费升级,素质教育,2020胡润中国瞪羚企业,瞪羚获奖企业",北京市朝阳区望京利泽中园101号B座二层B202室,北京市朝阳区北京朝阳区瑞普大厦C座,在线儿童思维训练教育平台,https://cloud.jingdata.com/#/insight/InsightOrg/167,https://cloud.jingdata.com/#/insight/InsightCompany/legal-cdg0gc0d7g
挚信资本,Trustbridge Partners,http://www.trustbridgepartners.com/,2006-10-09,"电子商务,企业服务,医疗健康,教育,文体行业,传统文娱传媒,媒体",219,3,8,,叽里呱啦,143,无,C轮,媒体报道,2021-01-18,CNY:50000000.00,CNY:1000000.0,CNY:1000000.00,CNY:463025000.00,无,"科学研究和技术服务业,专业技术服务业,工业与专业设计及其他专业技术服务,其他未列明专业技术服务业","其他未列明专业技术服务业,工业与专业设计及其他专业技术服务,科学研究和技术服务业,专业技术服务业","学前教育,早教应用,语言学习,英语学习,少儿英语,消费升级,婴幼儿,教育,早教",中国(上海)自由贸易试验区新金桥路27号13号楼2层,上海市普陀区宜昌路751号B105室,幼儿英语启蒙教育平台,https://cloud.jingdata.com/#/insight/InsightOrg/167,https://cloud.jingdata.com/#/insight/InsightCompany/legal-b3sda4ntqk
挚信资本,Trustbridge Partners,http://www.trustbridgepartners.com/,2006-10-09,"电子商务,企业服务,医疗健康,教育,文体行业,传统文娱传媒,媒体",219,3,8,,丰巢科技,578,无,战略投资,媒体报道,2021-01-08,USD:400000000.00,CNY:1167200000.0,CNY:1098700000.00,CNY:8172520000.00,"新一代信息技术,网络与信息安全软件,新一代信息技术,云计算软件","信息传输、软件和信息技术服务业,软件和信息技术服务业,软件开发,其他软件开发","网络与信息安全软件,新一代信息技术,云计算软件,新兴软件和新型信息技术服务,新一代信息技术产业,网络与信息安全软件开发,其他软件开发,软件和信息技术服务业,软件开发,信息传输、软件和信息技术服务业","电子商务,广告营销,物流信息化,仓储服务,私人仓储,收发货物,快递,快递收发,智能快递柜,最后一公里,物流,高新技术企业,垂直硬件,O2O,2019胡润全球独角兽榜,2017年度中国独角兽企业榜单,2018年高新技术企业名单,国家高新企业,2020胡润全球独角兽榜,2018年度中国独角兽企业榜单,独角兽企业",深圳市前海深港合作区前湾一路1号A栋201室(入驻深圳市前海商务秘书有限公司)经营场所：深圳市南山区南山街道东滨路4078号永新汇2号楼16楼,广东省深圳市南山区学府路软件产业基地1栋A座15楼,智能快件柜服务提供商,https://cloud.jingdata.com/#/insight/InsightOrg/167,https://cloud.jingdata.com/#/insight/InsightCompany/legal-d94us1k7u1
挚信资本,Trustbridge Partners,http://www.trustbridgepartners.com/,2006-10-09,"电子商务,企业服务,医疗健康,教育,文体行业,传统文娱传媒,媒体",219,3,8,,丁香园,413,无,E轮及以后,媒体报道,2020-12-28,USD:500000000.00,USD:72000000.0,CNY:6000000.00,CNY:4465500000.00,"软件和信息服务,行业软件,软件和信息服务,工业软件,医药健康,新一代医疗行业应用软件开发,软件和信息服务,广播电视网络维护及运营支撑软件,医药健康,人工智能医学应用软件开发,人工智能,人工智能应用软件,软件和信息服务,移动应用软件,软件和信息服务,区块链软件开发","信息传输、软件和信息技术服务业,软件和信息技术服务业,软件开发,应用软件开发","行业软件,工业软件,新一代医疗行业应用软件开发,医药健康,广播电视网络维护及运营支撑软件,人工智能医学应用软件开发,人工智能应用软件,人工智能,移动应用软件,区块链软件开发,软件和信息服务,新兴软件和新型信息技术服务,人工智能,新一代信息技术产业,数字文化创意活动,人工智能软件开发,数字文化创意软件开发,数字创意产业,新兴软件开发,软件和信息技术服务业,应用软件开发,软件开发,信息传输、软件和信息技术服务业","企业服务,行业信息化,医疗信息化,移动医疗,在线问诊,医疗大数据,医疗资讯,患者服务,数据服务,三甲医院,医疗健康,数据库,大数据,医生服务,大数据行业应用,2017年国家高新区瞪羚企业,2016年国家高新区瞪羚企业(双创周特刊),2018国家高新区瞪羚企业名单,2017年度杭州高新区(滨江)瞪羚企业名单,2016年度杭州高新区(滨江)瞪羚企业名单,瞪羚获奖企业,2019胡润全球独角兽榜,2020胡润全球独角兽榜,独角兽企业",杭州市滨江区秋溢路428号1号楼308室,浙江省杭州市滨江区秋溢路428号乐苏科技园1号楼3楼,在线问诊及医疗资讯服务平台,https://cloud.jingdata.com/#/insight/InsightOrg/167,https://cloud.jingdata.com/#/insight/InsightCompany/legal-cscupn1cg3
挚信资本,Trustbridge Partners,http://www.trustbridgepartners.com/,2006-10-09,"电子商务,企业服务,医疗健康,教育,文体行业,传统文娱传媒,媒体",219,3,8,,星河视效,26,无,Pre-A轮,媒体报道,2020-12-15,CNY:50000000.00,CNY:5476400.0,CNY:5111100.00,CNY:50000000.00,"软件和信息服务,行业软件,软件和信息服务,工业软件,医药健康,新一代医疗行业应用软件开发,软件和信息服务,广播电视网络维护及运营支撑软件,医药健康,人工智能医学应用软件开发,人工智能,人工智能应用软件,软件和信息服务,移动应用软件,软件和信息服务,区块链软件开发","信息传输、软件和信息技术服务业,软件和信息技术服务业,软件开发,应用软件开发","行业软件,工业软件,新一代医疗行业应用软件开发,医药健康,广播电视网络维护及运营支撑软件,人工智能医学应用软件开发,人工智能应用软件,人工智能,移动应用软件,区块链软件开发,软件和信息服务,新兴软件和新型信息技术服务,人工智能,新一代信息技术产业,数字文化创意活动,人工智能软件开发,数字文化创意软件开发,数字创意产业,新兴软件开发,软件和信息技术服务业,应用软件开发,软件开发,信息传输、软件和信息技术服务业","影视,影视制作,影视后期,影视特效,传统文娱传媒",北京市朝阳区八里庄西里98号4层506,北京市朝阳区高碑店新安门南安一号37号楼一座,影视特效制作服务商,https://cloud.jingdata.com/#/insight/InsightOrg/167,https://cloud.jingdata.com/#/insight/InsightCompany/legal-l0q9okln05
挚信资本,Trustbridge Partners,http://www.trustbridgepartners.com/,2006-10-09,"电子商务,企业服务,医疗健康,教育,文体行业,传统文娱传媒,媒体",219,3,8,,PingCAP,2,无,D轮,媒体报道,2020-11-17,USD:270000000.00,CNY:61000000.0,CNY:1000000.00,CNY:2223000000.00,"集成电路,集成电路设计平台及配套IP库开发,节能环保,先进环保与资源化利用技术推广","科学研究和技术服务业,科技推广和应用服务业,技术推广服务,其他技术推广服务","节能环保,集成电路设计平台及配套IP库开发,先进环保与资源化利用技术推广,集成电路,生物医药产业,生物医药相关服务,环保研发与技术服务,新技术与创新创业服务,节能环保产业,生物产业,数字文化创意活动,其他数字文化创意活动,先进环保产业,数字创意产业,其他技术推广服务,相关服务业,其他技术推广服务,科技推广和应用服务业,技术推广服务,科学研究和技术服务业","企业服务,测试服务,云服务,人工智能,数据库系统,数据服务,开源技术,数据库,大数据,存储管理",北京市海淀区西小口路66号中关村东升科技园·北领地C-1楼2层207,北京市海淀区西小口路66号东升科技园C-1楼2层,开源分布式关系数据库服务提供商,https://cloud.jingdata.com/#/insight/InsightOrg/167,https://cloud.jingdata.com/#/insight/InsightCompany/legal-u9g3gk49cs
挚信资本,Trustbridge Partners,http://www.trustbridgepartners.com/,2006-10-09,"电子商务,企业服务,医疗健康,教育,文体行业,传统文娱传媒,媒体",219,3,8,,Zilliz,10,无,B轮,媒体报道,2020-11-13,USD:43000000.00,CNY:1000000.0,CNY:1000000.00,CNY:394500000.00,无,"科学研究和技术服务业,科技推广和应用服务业,其他科技推广服务业,其他科技推广服务业","其他科技推广服务业,科技推广和应用服务业,其他科技推广服务业,科学研究和技术服务业","企业服务,通用类企业服务,IT服务,系统开发,人工智能,数据库,数据库开发,数据库系统,数据分析,大数据,数据服务,数据处理",上海市杨浦区隆昌路588_1号26楼2602-7室,上海市杨浦区隆昌路588-1号26楼2602-7室,OLAP数据库系统研发服务商,https://cloud.jingdata.com/#/insight/InsightOrg/167,https://cloud.jingdata.com/#/insight/InsightCompany/legal-o33gpq0jem
挚信资本,Trustbridge Partners,http://www.trustbridgepartners.com/,2006-10-09,"电子商务,企业服务,医疗健康,教育,文体行业,传统文娱传媒,媒体",219,3,8,,猿辅导,853,无,E轮及以后,媒体报道,2020-10-21,USD:2200000000.00,CNY:10000000.0,CNY:10000000.00,CNY:27487300000.00,无,"科学研究和技术服务业,科技推广和应用服务业,其他科技推广服务业","其他科技推广服务业,科技推广和应用服务业,科学研究和技术服务业","问答社区,行业信息化,教育软件,直播教育,教育,K12,中小学教育,在线教育,教辅设备,题库问答,拍照答题,线上辅导,O2O,知识问答,教育信息化,智能教学,互联网教育,人工智能,2019胡润全球独角兽榜,消费升级,2020胡润全球独角兽榜,2019中国独角兽榜单,独角兽企业",北京市朝阳区广顺南大街8号院1号楼5层F01单元、6层F01内04单元,北京市朝阳区广顺南大街8号院1号楼5层F01单元、6层F01内04单元,课程在线辅导平台,https://cloud.jingdata.com/#/insight/InsightOrg/167,https://cloud.jingdata.com/#/insight/InsightCompany/legal-j79d74mi5f
挚信资本,Trustbridge Partners,http://www.trustbridgepartners.com/,2006-10-09,"电子商务,企业服务,医疗健康,教育,文体行业,传统文娱传媒,媒体",219,3,8,,卢米蓝新材料,51,无,B轮,媒体报道,2020-10-16,无,CNY:22820999.999999996,CNY:13332000.00,无,无,"制造业,计算机、通信和其他电子设备制造业,电子器件制造,其他电子器件制造","新一代信息技术产业,电子核心产业,新型电子元器件及设备制造,其他电子器件制造,计算机、通信和其他电子设备制造业,制造业,电子器件制造","电子设备,材料,新材料,感光材料,打印,非TMT,材料研发,垂直硬件,元器件,生产制造",浙江省宁波高新区沧海路189弄2号6号楼A2,浙江省宁波市高新区明珠路428号韵升工业园6A,新型OLED材料生产商,https://cloud.jingdata.com/#/insight/InsightOrg/167,https://cloud.jingdata.com/#/insight/InsightCompany/legal-gh22b4vrua
挚信资本,Trustbridge Partners,http://www.trustbridgepartners.com/,2006-10-09,"电子商务,企业服务,医疗健康,教育,文体行业,传统文娱传媒,媒体",219,3,8,,凯叔讲故事,410,无,C+轮,媒体报道,2020-02-26,USD:66000000.00,CNY:4434800.0,CNY:4434800.00,CNY:1004500000.00,无,"文化、体育和娱乐业,文化艺术业,其他文化艺术业","其他文化艺术业,文化、体育和娱乐业,文化艺术业","亲子教育,自媒体,儿童故事,阅读写作,有声读物,育儿知识,婴幼儿,学前教育,传统文娱传媒,媒体,知识付费,移动互联网,故事类自媒体,2020胡润中国瞪羚企业,瞪羚获奖企业",北京市朝阳区望京东园七区19号楼31层3101号A室,北京市朝阳区望京东园保利国际广场T3四座,儿童有声阅读APP,https://cloud.jingdata.com/#/insight/InsightOrg/167,https://cloud.jingdata.com/#/insight/InsightCompany/legal-aboejc49pl
挚信资本,Trustbridge Partners,http://www.trustbridgepartners.com/,2006-10-09,"电子商务,企业服务,医疗健康,教育,文体行业,传统文娱传媒,媒体",219,3,8,,乡伴文旅,3,无,B轮,媒体报道,2020-02-22,CNY:200000000.00,CNY:16288000.0,CNY:3030100.00,CNY:313500000.00,无,"租赁和商务服务业,商务服务业,其他商务服务业,旅行社及相关服务","数字创意与融合服务,数字创意产业,数字创意与融合服务,其他商务服务业,商务服务业,旅行社及相关服务,租赁和商务服务业","投资,旅游户外,乡村旅游,农家乐,旅游服务,旅游资源,景区运营,非标住宿,农村,旅游资源运营,民宿,酒店经营",新疆伊犁州霍尔果斯经济开发区伊宁园区惠宁路999号中小企业创业孵化园C栋247号,新疆省伊犁州霍尔果斯经济开发区伊宁园区宁远路1号B栋177室,乡村文旅投资运营服务商,https://cloud.jingdata.com/#/insight/InsightOrg/167,https://cloud.jingdata.com/#/insight/InsightCompany/legal-aggn3h0urn
挚信资本,Trustbridge Partners,http://www.trustbridgepartners.com/,2006-10-09,"电子商务,企业服务,医疗健康,教育,文体行业,传统文娱传媒,媒体",219,3,8,,宽腾医疗,142,无,战略投资,其他,2020-01-15,无,CNY:153340000.0,CNY:41552000.00,无,无,"批发和零售业,批发业,医药及医疗器材批发,医疗用品及器材批发","批发和零售业,批发业,医药及医疗器材批发,医疗用品及器材批发","广告营销,慢病管理,医疗器械,医疗设备,智能医疗设备,医药,医药流通,医药销售,医药代理,放疗,医疗健康,医疗信息化",北京市北京经济技术开发区宏达北路8号5幢一层西,北京市朝阳区慈云寺北里210号远洋国际中心E座22层,医疗设备代理供应商,https://cloud.jingdata.com/#/insight/InsightOrg/167,https://cloud.jingdata.com/#/insight/InsightCompany/legal-vorshbvnht
挚信资本,Trustbridge Partners,http://www.trustbridgepartners.com/,2006-10-09,"电子商务,企业服务,医疗健康,教育,文体行业,传统文娱传媒,媒体",219,3,8,,开普影像,114,无,B+轮,其他,2019-11-29,无,CNY:137500000.0,CNY:22750000.00,CNY:50000000.00,"科技服务,研究和试验发展","科学研究和技术服务业,研究和试验发展,工程和技术研究和试验发展,工程和技术研究和试验发展","科技服务,研究和试验发展,生物医药产业,核电产业,生物质能相关服务,新能源汽车其他相关服务,新材料产业,风能发电工程技术服务,生物质能及其他新能源产业,新能源汽车产业,新材料研发与设计服务,风能产业,生物医药相关服务,环保研发与技术服务,新技术与创新创业服务,研发服务,新能源汽车相关服务,生物农业相关服务,太阳能工程技术服务,海洋工程装备产业,节能环保产业,生物农业及相关产业,生物产业,海洋工程建筑及相关服务,新材料相关服务,太阳能产业,节能研发与技术服务,研发与设计服务,核电工程技术服务,先进环保产业,生物质能工程技术服务,其他生物业,其他生物业相关服务,高端装备制造产业,高效节能产业,新能源产业,相关服务业,生物质能产业,工程和技术研究和试验发展,研究和试验发展,工程和技术研究和试验发展,科学研究和技术服务业","医疗健康,医疗器械,检验诊断器械,医疗影像,数字影像,设备研发",辽宁省本溪经济技术开发区神农大街18-8栋,辽宁省本溪高新技术产业开发区神农大街18号,医疗影像设备研发商,https://cloud.jingdata.com/#/insight/InsightOrg/167,https://cloud.jingdata.com/#/insight/InsightCompany/legal-pi5ssshuut
挚信资本,Trustbridge Partners,http://www.trustbridgepartners.com/,2006-10-09,"电子商务,企业服务,医疗健康,教育,文体行业,传统文娱传媒,媒体",219,3,8,,开普医疗,271,无,B+轮,其他,2019-11-29,无,CNY:122120000.0,CNY:122120000.00,CNY:142250000.00,"医药健康,先进医疗设备及器械制造","制造业,专用设备制造业,医疗仪器设备及器械制造,医疗诊断、监护及治疗设备制造","先进医疗设备及器械制造,医药健康,先进医疗设备及器械制造,新材料产业,生物医学工程产业,生物产业,前沿新材料,生物医用材料制造,生物医用材料制造,专用设备制造业,医疗仪器设备及器械制造,制造业,医疗诊断、监护及治疗设备制造","成像设备,医疗技术,医疗影像,高新技术企业,医疗健康,医疗器械,医疗设备,AI医疗,精准医疗,人工智能,2018年高新技术企业名单,国家高新企业",本溪经济技术开发区药都大街9号,辽宁省本溪市经济开发区药都大街9号开普科技园,医疗影像设备与服务供应商,https://cloud.jingdata.com/#/insight/InsightOrg/167,https://cloud.jingdata.com/#/insight/InsightCompany/legal-vumjdje6th
挚信资本,Trustbridge Partners,http://www.trustbridgepartners.com/,2006-10-09,"电子商务,企业服务,医疗健康,教育,文体行业,传统文娱传媒,媒体",219,3,8,,重塑集团,,无,战略投资,其他,2019-09-20,无,CNY:64996000.0,CNY:51833000.00,CNY:357520000.00,无,"批发和零售业,批发业,矿产品、建材及化工产品批发,其他化工产品批发","批发和零售业,矿产品、建材及化工产品批发,其他化工产品批发,批发业","电源,电池,燃料电池,能源矿产,新能源,汽车制造,新能源汽车,整车运输,镍氢电池,先进制造,非TMT,新能源汽车零部件,动力电池,高端装备制造,汽车交通,生产制造,消费升级",上海市嘉定区靖远路1555号1幢1层1004室,上海市嘉定区博园路1333号8号楼8层,燃料电池系统研发商,https://cloud.jingdata.com/#/insight/InsightOrg/167,https://cloud.jingdata.com/#/insight/InsightCompany/legal-hr5p1fkkes
挚信资本,Trustbridge Partners,http://www.trustbridgepartners.com/,2006-10-09,"电子商务,企业服务,医疗健康,教育,文体行业,传统文娱传媒,媒体",219,3,8,,唯医网,75,无,B轮,媒体报道,2019-09-19,USD:100000000.00,CNY:3238900.0,CNY:3220300.00,CNY:895050000.00,无,"科学研究和技术服务业,科技推广和应用服务业,其他科技推广服务业,其他科技推广服务业","其他科技推广服务业,科技推广和应用服务业,其他科技推广服务业,科学研究和技术服务业","社交社区,知识社区,教育信息化,医疗健康,骨科,教育,职业培训,医学培训,医患交流,医生服务,社区论坛,医疗社区,医疗信息化,医疗机构,患者服务,在线教育,互联网医疗",北京市朝阳区光华路9号楼7层701室,北京市朝阳区光华路9号光华路SOHO2期D座802室,骨科医学教育互动平台,https://cloud.jingdata.com/#/insight/InsightOrg/167,https://cloud.jingdata.com/#/insight/InsightCompany/legal-us8hna0j6b
挚信资本,Trustbridge Partners,http://www.trustbridgepartners.com/,2006-10-09,"电子商务,企业服务,医疗健康,教育,文体行业,传统文娱传媒,媒体",219,3,8,,ShareChat,无,无,D轮,媒体报道,2019-08-16,USD:100000000.00,无,CNY:3220300.00,无,无,无,无,"垂直社交,陌生人社交,社区论坛,动图,社交,方言,社交社区",北京市朝阳区光华路9号楼7层701室,北京市朝阳区光华路9号光华路SOHO2期D座802室,印度方言社交平台,https://cloud.jingdata.com/#/insight/InsightOrg/167,https://cloud.jingdata.com/#/insight/InsightCompany/legal-us8hna0j6b
挚信资本,Trustbridge Partners,http://www.trustbridgepartners.com/,2006-10-09,"电子商务,企业服务,医疗健康,教育,文体行业,传统文娱传媒,媒体",219,3,8,,重塑集团,,无,战略投资,其他,2019-06-06,无,CNY:64996000.0,CNY:51833000.00,CNY:357520000.00,无,"批发和零售业,批发业,矿产品、建材及化工产品批发,其他化工产品批发","批发和零售业,矿产品、建材及化工产品批发,其他化工产品批发,批发业","电源,电池,燃料电池,能源矿产,新能源,汽车制造,新能源汽车,整车运输,镍氢电池,先进制造,非TMT,新能源汽车零部件,动力电池,高端装备制造,汽车交通,生产制造,消费升级",上海市嘉定区靖远路1555号1幢1层1004室,上海市嘉定区博园路1333号8号楼8层,燃料电池系统研发商,https://cloud.jingdata.com/#/insight/InsightOrg/167,https://cloud.jingdata.com/#/insight/InsightCompany/legal-hr5p1fkkes
挚信资本,Trustbridge Partners,http://www.trustbridgepartners.com/,2006-10-09,"电子商务,企业服务,医疗健康,教育,文体行业,传统文娱传媒,媒体",219,3,8,,淘乐思传媒,无,无,战略投资,其他,2019-04-29,无,无,CNY:51833000.00,无,无,无,无,无,上海市嘉定区靖远路1555号1幢1层1004室,上海市嘉定区博园路1333号8号楼8层,图书在线分销服务商,https://cloud.jingdata.com/#/insight/InsightOrg/167,https://cloud.jingdata.com/#/insight/InsightCompany/legal-hr5p1fkkes
挚信资本,Trustbridge Partners,http://www.trustbridgepartners.com/,2006-10-09,"电子商务,企业服务,医疗健康,教育,文体行业,传统文娱传媒,媒体",219,3,8,,和其瑞医药,无,无,A轮,媒体报道,2019-04-09,无,无,CNY:51833000.00,无,无,无,无,"医疗器械,医药,药品生产,生物制药,先进制造,医药服务,医疗健康,生物医疗",上海市嘉定区靖远路1555号1幢1层1004室,上海市嘉定区博园路1333号8号楼8层,香港生物医药研发商,https://cloud.jingdata.com/#/insight/InsightOrg/167,https://cloud.jingdata.com/#/insight/InsightCompany/legal-hr5p1fkkes
挚信资本,Trustbridge Partners,http://www.trustbridgepartners.com/,2006-10-09,"电子商务,企业服务,医疗健康,教育,文体行业,传统文娱传媒,媒体",219,3,8,,豆瓣FM,无,无,战略投资,媒体报道,2019-02-20,无,无,CNY:51833000.00,无,无,无,无,无,上海市嘉定区靖远路1555号1幢1层1004室,上海市嘉定区博园路1333号8号楼8层,音乐流媒体平台,https://cloud.jingdata.com/#/insight/InsightOrg/167,https://cloud.jingdata.com/#/insight/InsightCompany/legal-hr5p1fkkes
挚信资本,Trustbridge Partners,http://www.trustbridgepartners.com/,2006-10-09,"电子商务,企业服务,医疗健康,教育,文体行业,传统文娱传媒,媒体",219,3,8,,VFineMusic,52,无,战略投资,用户UGC,2019-02-01,无,CNY:1115400.0,无,CNY:122800000.00,无,"文化、体育和娱乐业,文化艺术业,其他文化艺术业","其他文化艺术业,文化、体育和娱乐业,文化艺术业","动漫,版权服务,音乐版权服务,音乐,传统文娱传媒",北京市朝阳区金汇路6号楼4层510室,北京市朝阳区金汇路6号楼4层510室,音乐商用发行平台,https://cloud.jingdata.com/#/insight/InsightOrg/167,https://cloud.jingdata.com/#/insight/InsightCompany/legal-jvhtjg6tue
挚信资本,Trustbridge Partners,http://www.trustbridgepartners.com/,2006-10-09,"电子商务,企业服务,医疗健康,教育,文体行业,传统文娱传媒,媒体",219,3,8,,Pear Therapeutics,无,无,C轮,媒体报道,2019-01-07,USD:64000000.00,无,无,无,无,无,无,"行业信息化,医疗信息化,医药,SaaS,企业服务,医疗健康,数字医疗,医疗影像",北京市朝阳区金汇路6号楼4层510室,北京市朝阳区金汇路6号楼4层510室,美国数字化医疗解决方案提供商,https://cloud.jingdata.com/#/insight/InsightOrg/167,https://cloud.jingdata.com/#/insight/InsightCompany/legal-jvhtjg6tue
挚信资本,Trustbridge Partners,http://www.trustbridgepartners.com/,2006-10-09,"电子商务,企业服务,医疗健康,教育,文体行业,传统文娱传媒,媒体",219,3,8,,领星生物,54,无,A+轮,媒体报道,2018-12-12,USD:30000000.00,USD:32500000.0,USD:32500000.00,CNY:195000000.00,"科技服务,研究和试验发展","科学研究和技术服务业,研究和试验发展,医学研究和试验发展,医学研究和试验发展","科技服务,研究和试验发展,生物医药产业,生物医药相关服务,新技术与创新创业服务,研发服务,生物产业,相关服务业,研究和试验发展,医学研究和试验发展,医学研究和试验发展,科学研究和技术服务业","医疗健康,医疗信息化,慢病管理,医疗技术,医疗服务,肿瘤早筛,基因检测,精准医疗,数据服务,医疗大数据,肿瘤治疗,大数据,大数据行业应用",中国(上海)自由贸易试验区祥科路111号腾飞科技楼2号楼5楼,中国(上海)自由贸易试验区芳春路400号1幢3层302-42室,肿瘤精准医疗服务平台,https://cloud.jingdata.com/#/insight/InsightOrg/167,https://cloud.jingdata.com/#/insight/InsightCompany/legal-t6qh6copie
挚信资本,Trustbridge Partners,http://www.trustbridgepartners.com/,2006-10-09,"电子商务,企业服务,医疗健康,教育,文体行业,传统文娱传媒,媒体",219,3,8,,融贯电商,87,无,D轮,媒体报道,2018-11-30,无,CNY:5759100.0,CNY:5759100.00,CNY:100000000.00,无,"批发和零售业,零售业,货摊、无店铺及其他零售业,互联网零售","批发和零售业,零售业,货摊、无店铺及其他零售业,互联网零售","电子商务,垂直电商,企业服务,医药,互联网医疗,医疗领域,产业链整合,高新技术企业,B2B,B2C,C2B,全产业链,医疗健康,医疗信息化,移动医疗,医药电商,医药B2B,网上药店,SaaS,医药服务,医疗供应链,LBS,2018年高新技术企业名单,国家高新企业",北京市朝阳区光华路4号院1号楼7层808,北京市朝阳区光华路4号东方梅地亚中心A座808,医药全产业链整合服务平台,https://cloud.jingdata.com/#/insight/InsightOrg/167,https://cloud.jingdata.com/#/insight/InsightCompany/legal-lpc7skcadu
挚信资本,Trustbridge Partners,http://www.trustbridgepartners.com/,2006-10-09,"电子商务,企业服务,医疗健康,教育,文体行业,传统文娱传媒,媒体",219,3,8,,三橙传媒,无,无,A轮,媒体报道,2018-11-26,无,无,CNY:5759100.00,无,无,无,无,"商务咨询,影视,影视制作,视频制作",北京市朝阳区光华路4号院1号楼7层808,北京市朝阳区光华路4号东方梅地亚中心A座808,视频制作公司,https://cloud.jingdata.com/#/insight/InsightOrg/167,https://cloud.jingdata.com/#/insight/InsightCompany/legal-lpc7skcadu
挚信资本,Trustbridge Partners,http://www.trustbridgepartners.com/,2006-10-09,"电子商务,企业服务,医疗健康,教育,文体行业,传统文娱传媒,媒体",219,3,8,,未满生活,1,无,A轮,工商信息,2018-10-31,无,CNY:1000000.0,无,无,"集成电路,集成电路设计平台及配套IP库开发,节能环保,先进环保与资源化利用技术推广","科学研究和技术服务业,科技推广和应用服务业,技术推广服务,其他技术推广服务","节能环保,集成电路设计平台及配套IP库开发,先进环保与资源化利用技术推广,集成电路,生物医药产业,生物医药相关服务,环保研发与技术服务,新技术与创新创业服务,节能环保产业,生物产业,数字文化创意活动,其他数字文化创意活动,先进环保产业,数字创意产业,其他技术推广服务,相关服务业,其他技术推广服务,科技推广和应用服务业,技术推广服务,科学研究和技术服务业","消费生活,餐饮,美食外卖,轻食外卖,快餐品牌,美食内容,餐饮品牌",北京市朝阳区西大望路甲12号2号楼(国家广告产业园区孵化器23412号),北京市朝阳区西大望路甲12号2号楼(国家广告产业园区孵化器23412号),健康沙拉品牌,https://cloud.jingdata.com/#/insight/InsightOrg/167,https://cloud.jingdata.com/#/insight/InsightCompany/legal-kl2m5r11ok
挚信资本,Trustbridge Partners,http://www.trustbridgepartners.com/,2006-10-09,"电子商务,企业服务,医疗健康,教育,文体行业,传统文娱传媒,媒体",219,3,8,,Mrs. Wordsmith,无,无,A轮,媒体报道,2018-10-18,USD:11000000.00,无,无,无,无,无,无,"教育,语言学习,英语单词,翻译平台,词典翻译,英语学习,少儿英语",北京市朝阳区西大望路甲12号2号楼(国家广告产业园区孵化器23412号),北京市朝阳区西大望路甲12号2号楼(国家广告产业园区孵化器23412号),少儿词汇学习平台,https://cloud.jingdata.com/#/insight/InsightOrg/167,https://cloud.jingdata.com/#/insight/InsightCompany/legal-kl2m5r11ok
挚信资本,Trustbridge Partners,http://www.trustbridgepartners.com/,2006-10-09,"电子商务,企业服务,医疗健康,教育,文体行业,传统文娱传媒,媒体",219,3,8,,KaDa故事,109,无,A+轮,媒体报道,2018-09-28,CNY:50000000.00,CNY:10000000.0,CNY:10000000.00,CNY:60000000.00,无,"科学研究和技术服务业,科技推广和应用服务业,其他科技推广服务业,其他科技推广服务业","其他科技推广服务业,科技推广和应用服务业,其他科技推广服务业,科学研究和技术服务业","教育,绘本,阅读写作,移动互联网,婴幼儿,学前教育,早教,早教应用,传统文娱传媒,数字出版,出版发行,有声读物",浙江省杭州市西湖区蒋村街道文二西路808号西溪壹号创意商务中心27幢306-1室,浙江省杭州市西湖区文二西路808号西溪壹号27幢306室,儿童有声绘本阅读应用,https://cloud.jingdata.com/#/insight/InsightOrg/167,https://cloud.jingdata.com/#/insight/InsightCompany/legal-j03iat0qmt
挚信资本,Trustbridge Partners,http://www.trustbridgepartners.com/,2006-10-09,"电子商务,企业服务,医疗健康,教育,文体行业,传统文娱传媒,媒体",219,3,8,,uSMART盈立智投,无,无,天使轮,用户UGC,2018-08-01,USD:50000000.00,无,CNY:10000000.00,无,无,无,无,"投资,投资顾问,证券经纪,理财,个人资产管理,债券理财,资产管理,证券公司,互联网券商,交易软件,AI行业应用,AI金融,智能投顾,非TMT,投资平台,港股,美股,金融,股权投资,股票,炒股工具,智能金融,股票行情资讯,人工智能",浙江省杭州市西湖区蒋村街道文二西路808号西溪壹号创意商务中心27幢306-1室,浙江省杭州市西湖区文二西路808号西溪壹号27幢306室,港美股智能投资平台,https://cloud.jingdata.com/#/insight/InsightOrg/167,https://cloud.jingdata.com/#/insight/InsightCompany/legal-j03iat0qmt
挚信资本,Trustbridge Partners,http://www.trustbridgepartners.com/,2006-10-09,"电子商务,企业服务,医疗健康,教育,文体行业,传统文娱传媒,媒体",219,3,8,,wework china,无,无,B轮,媒体报道,2018-07-27,USD:500000000.00,无,CNY:10000000.00,无,无,无,无,"企业服务,创业服务,联合办公,通用类企业服务,商业地产租赁,办公场地租赁",浙江省杭州市西湖区蒋村街道文二西路808号西溪壹号创意商务中心27幢306-1室,浙江省杭州市西湖区文二西路808号西溪壹号27幢306室,联合办公服务提供商,https://cloud.jingdata.com/#/insight/InsightOrg/167,https://cloud.jingdata.com/#/insight/InsightCompany/legal-j03iat0qmt
挚信资本,Trustbridge Partners,http://www.trustbridgepartners.com/,2006-10-09,"电子商务,企业服务,医疗健康,教育,文体行业,传统文娱传媒,媒体",219,3,8,,豆瓣音乐,3,无,天使轮,媒体报道,2018-04-03,USD:10000000.00,CNY:5000000.0,无,CNY:65000000.00,无,"文化、体育和娱乐业,体育,其他体育","文化、体育和娱乐业,体育,其他体育","原创IP,音乐电台,音乐,音乐人孵化,音乐平台,传统文娱传媒,艺人经纪",北京市房山区阎富路69号院37号楼-1至4层102二层13,北京市朝阳区酒仙桥路14号B区3楼3层305,原创音乐及音乐人服务平台,https://cloud.jingdata.com/#/insight/InsightOrg/167,https://cloud.jingdata.com/#/insight/InsightCompany/legal-lo9rjp71c7
挚信资本,Trustbridge Partners,http://www.trustbridgepartners.com/,2006-10-09,"电子商务,企业服务,医疗健康,教育,文体行业,传统文娱传媒,媒体",219,3,8,,VFineMusic,52,无,A轮,用户UGC,2018-04-01,USD:10000000.00,CNY:1115400.0,无,CNY:122800000.00,无,"文化、体育和娱乐业,文化艺术业,其他文化艺术业","其他文化艺术业,文化、体育和娱乐业,文化艺术业","动漫,版权服务,音乐版权服务,音乐,传统文娱传媒",北京市朝阳区金汇路6号楼4层510室,北京市朝阳区金汇路6号楼4层510室,音乐商用发行平台,https://cloud.jingdata.com/#/insight/InsightOrg/167,https://cloud.jingdata.com/#/insight/InsightCompany/legal-jvhtjg6tue
挚信资本,Trustbridge Partners,http://www.trustbridgepartners.com/,2006-10-09,"电子商务,企业服务,医疗健康,教育,文体行业,传统文娱传媒,媒体",219,3,8,,DNV,8,无,A轮,媒体报道,2018-04-01,USD:10000000.00,USD:10000000.0,CNY:2400000.00,CNY:115000000.00,"集成电路,集成电路设计平台及配套IP库开发,节能环保,先进环保与资源化利用技术推广","科学研究和技术服务业,科技推广和应用服务业,技术推广服务,其他技术推广服务","节能环保,集成电路设计平台及配套IP库开发,先进环保与资源化利用技术推广,集成电路,生物医药产业,生物医药相关服务,环保研发与技术服务,新技术与创新创业服务,节能环保产业,生物产业,数字文化创意活动,其他数字文化创意活动,先进环保产业,数字创意产业,其他技术推广服务,相关服务业,其他技术推广服务,科技推广和应用服务业,技术推广服务,科学研究和技术服务业","音乐社区,版权服务,音乐版权服务,线下娱乐,现场音乐,音乐节,音乐,音乐服务,传统文娱传媒",北京市房山区阎富路69号院37号楼-1至4层102二层12,北京市朝阳区酒仙桥路10号1幢238室,音乐版权管理及线下音乐演出服务商,https://cloud.jingdata.com/#/insight/InsightOrg/167,https://cloud.jingdata.com/#/insight/InsightCompany/legal-72tseskgjv
挚信资本,Trustbridge Partners,http://www.trustbridgepartners.com/,2006-10-09,"电子商务,企业服务,医疗健康,教育,文体行业,传统文娱传媒,媒体",219,3,8,,新氧,579,无,战略投资,其他,2018-03-16,CNY:200000000.00,CNY:3547100.0,CNY:3547100.00,CNY:2708600000.00,"集成电路,集成电路设计平台及配套IP库开发,节能环保,先进环保与资源化利用技术推广","科学研究和技术服务业,科技推广和应用服务业,技术推广服务,其他技术推广服务","节能环保,集成电路设计平台及配套IP库开发,先进环保与资源化利用技术推广,集成电路,生物医药产业,生物医药相关服务,环保研发与技术服务,新技术与创新创业服务,节能环保产业,生物产业,数字文化创意活动,其他数字文化创意活动,先进环保产业,数字创意产业,其他技术推广服务,相关服务业,其他技术推广服务,科技推广和应用服务业,技术推广服务,科学研究和技术服务业","社区论坛,垂直社区,信息平台,医疗服务,医美整形,整形医生,社交,消费升级,医疗健康,居民生活服务,美业,美容美甲,医疗领域,2019中国独角兽榜单,2018年度中国独角兽企业榜单,独角兽企业",北京市朝阳区创远路34号院8号楼9层901室、10层1001室,北京市朝阳区创远路34号融新科技中心E座,美容整形服务整合平台,https://cloud.jingdata.com/#/insight/InsightOrg/167,https://cloud.jingdata.com/#/insight/InsightCompany/legal-9pehqqtb4r
挚信资本,Trustbridge Partners,http://www.trustbridgepartners.com/,2006-10-09,"电子商务,企业服务,医疗健康,教育,文体行业,传统文娱传媒,媒体",219,3,8,,凯叔讲故事,410,无,B+轮,媒体报道,2018-03-07,CNY:156000000.00,CNY:4434800.0,CNY:4434800.00,CNY:1004500000.00,无,"文化、体育和娱乐业,文化艺术业,其他文化艺术业","其他文化艺术业,文化、体育和娱乐业,文化艺术业","亲子教育,自媒体,儿童故事,阅读写作,有声读物,育儿知识,婴幼儿,学前教育,传统文娱传媒,媒体,知识付费,移动互联网,故事类自媒体,2020胡润中国瞪羚企业,瞪羚获奖企业",北京市朝阳区望京东园七区19号楼31层3101号A室,北京市朝阳区望京东园保利国际广场T3四座,儿童有声阅读APP,https://cloud.jingdata.com/#/insight/InsightOrg/167,https://cloud.jingdata.com/#/insight/InsightCompany/legal-aboejc49pl
挚信资本,Trustbridge Partners,http://www.trustbridgepartners.com/,2006-10-09,"电子商务,企业服务,医疗健康,教育,文体行业,传统文娱传媒,媒体",219,3,8,,容联云通讯,208,无,C+轮,媒体报道,2018-02-28,USD:30000000.00,CNY:100000000.0,CNY:5420000.00,CNY:5716000000.00,无,"科学研究和技术服务业,科技推广和应用服务业,其他科技推广服务业","其他科技推广服务业,科技推广和应用服务业,科学研究和技术服务业","云计算,SaaS,聊天机器人,通讯,系统工具,电话通讯,企业IM,通讯录,即时通讯,网络电话,企业服务,云服务,PaaS,云通讯,云计算平台,软件应用,中关村国家自主创新示范区2017年度“瞪羚企业”名单,2020胡润中国瞪羚企业,瞪羚获奖企业",北京市朝阳区广顺北大街33号院1号楼13层一单元1601室,北京市朝阳区广顺北大街33号福码大厦A座16层,企业通讯云服务提供商,https://cloud.jingdata.com/#/insight/InsightOrg/167,https://cloud.jingdata.com/#/insight/InsightCompany/legal-43d1opujka
挚信资本,Trustbridge Partners,http://www.trustbridgepartners.com/,2006-10-09,"电子商务,企业服务,医疗健康,教育,文体行业,传统文娱传媒,媒体",219,3,8,,一条视频,369,无,C+轮,媒体报道,2018-01-22,无,CNY:3571400.0,CNY:3571400.00,CNY:431890000.00,无,"科学研究和技术服务业,科技推广和应用服务业,科技中介服务","科技推广和应用服务业,科学研究和技术服务业,科技中介服务","B2C,新媒体,视频媒体,搞笑内容,知识分享,短视频平台,电商,消费升级,电商平台,高新技术企业,电子商务,内容电商,新兴电商,教育,传统文娱传媒,数字出版,出版发行,媒体,媒体服务,自媒体,影视,知识付费,短视频,视频制作,美食视频,2020胡润中国瞪羚企业,2018年高新技术企业名单,国家高新企业,瞪羚获奖企业",上海市闵行区东川路555号戊楼1215室,上海市闵行区东川路555号戊楼1215室,原创短视频制作及电商平台,https://cloud.jingdata.com/#/insight/InsightOrg/167,https://cloud.jingdata.com/#/insight/InsightCompany/legal-b735ggdcdd
挚信资本,Trustbridge Partners,http://www.trustbridgepartners.com/,2006-10-09,"电子商务,企业服务,医疗健康,教育,文体行业,传统文娱传媒,媒体",219,3,8,,龙加智科技,5,无,A轮,工商信息,2018-01-08,无,CNY:1162800.0,CNY:134040.00,无,无,"科学研究和技术服务业,科技推广和应用服务业,其他科技推广服务业,其他科技推广服务业","其他科技推广服务业,科技推广和应用服务业,科学研究和技术服务业","人工智能,AI芯片,人工智能算法,计算机视觉,垂直硬件,芯片",北京市朝阳区朝阳路85号院4号楼4B05室,北京市朝阳区朝阳路85号院4号楼4B05室,人工智能芯片研发商,https://cloud.jingdata.com/#/insight/InsightOrg/167,https://cloud.jingdata.com/#/insight/InsightCompany/legal-njt192d9mq
挚信资本,Trustbridge Partners,http://www.trustbridgepartners.com/,2006-10-09,"电子商务,企业服务,医疗健康,教育,文体行业,传统文娱传媒,媒体",219,3,8,,医互保,3,无,A轮,媒体报道,2018-01-01,CNY:12000000.00,CNY:2000000.0,CNY:1415000.00,CNY:12000000.00,无,"科学研究和技术服务业,科技推广和应用服务业,其他科技推广服务业,其他科技推广服务业","其他科技推广服务业,科技推广和应用服务业,其他科技推广服务业,科学研究和技术服务业","金融,保险,健康保险,医疗保险,消费金融,医疗金融,企业服务,行业信息化,医疗健康,医疗信息化,医保信息化,移动医疗,在线问诊,视频问诊,挂号预约,诊疗服务,医疗服务,医生集团,患者服务,大数据,医疗大数据,AI医疗,人工智能,医生服务,大数据行业应用",北京市海淀区紫金数码园3号楼8层0810,北京市朝阳区建外大街乙8号丽晶苑19层,医疗服务保险场景化定制平台,https://cloud.jingdata.com/#/insight/InsightOrg/167,https://cloud.jingdata.com/#/insight/InsightCompany/legal-csi8sgdnm5
挚信资本,Trustbridge Partners,http://www.trustbridgepartners.com/,2006-10-09,"电子商务,企业服务,医疗健康,教育,文体行业,传统文娱传媒,媒体",219,3,8,,新氧,579,无,D轮,媒体报道,2017-12-23,CNY:400000000.00,CNY:3547100.0,CNY:3547100.00,CNY:2708600000.00,"集成电路,集成电路设计平台及配套IP库开发,节能环保,先进环保与资源化利用技术推广","科学研究和技术服务业,科技推广和应用服务业,技术推广服务,其他技术推广服务","节能环保,集成电路设计平台及配套IP库开发,先进环保与资源化利用技术推广,集成电路,生物医药产业,生物医药相关服务,环保研发与技术服务,新技术与创新创业服务,节能环保产业,生物产业,数字文化创意活动,其他数字文化创意活动,先进环保产业,数字创意产业,其他技术推广服务,相关服务业,其他技术推广服务,科技推广和应用服务业,技术推广服务,科学研究和技术服务业","社区论坛,垂直社区,信息平台,医疗服务,医美整形,整形医生,社交,消费升级,医疗健康,居民生活服务,美业,美容美甲,医疗领域,2019中国独角兽榜单,2018年度中国独角兽企业榜单,独角兽企业",北京市朝阳区创远路34号院8号楼9层901室、10层1001室,北京市朝阳区创远路34号融新科技中心E座,美容整形服务整合平台,https://cloud.jingdata.com/#/insight/InsightOrg/167,https://cloud.jingdata.com/#/insight/InsightCompany/legal-9pehqqtb4r
挚信资本,Trustbridge Partners,http://www.trustbridgepartners.com/,2006-10-09,"电子商务,企业服务,医疗健康,教育,文体行业,传统文娱传媒,媒体",219,3,8,,龙加智科技,5,无,天使轮,其他,2017-11-20,无,CNY:1162800.0,CNY:134040.00,无,无,"科学研究和技术服务业,科技推广和应用服务业,其他科技推广服务业,其他科技推广服务业","其他科技推广服务业,科技推广和应用服务业,科学研究和技术服务业","人工智能,AI芯片,人工智能算法,计算机视觉,垂直硬件,芯片",北京市朝阳区朝阳路85号院4号楼4B05室,北京市朝阳区朝阳路85号院4号楼4B05室,人工智能芯片研发商,https://cloud.jingdata.com/#/insight/InsightOrg/167,https://cloud.jingdata.com/#/insight/InsightCompany/legal-njt192d9mq
挚信资本,Trustbridge Partners,http://www.trustbridgepartners.com/,2006-10-09,"电子商务,企业服务,医疗健康,教育,文体行业,传统文娱传媒,媒体",219,3,8,,轻轻家教,457,无,D轮,媒体报道,2017-10-30,USD:55000000.00,CNY:6000000.0,CNY:850000.00,CNY:1172000000.00,"软件和信息服务,行业软件,软件和信息服务,工业软件,医药健康,新一代医疗行业应用软件开发,软件和信息服务,广播电视网络维护及运营支撑软件,医药健康,人工智能医学应用软件开发,人工智能,人工智能应用软件,软件和信息服务,移动应用软件,软件和信息服务,区块链软件开发","信息传输、软件和信息技术服务业,软件和信息技术服务业,软件开发,应用软件开发","行业软件,工业软件,新一代医疗行业应用软件开发,医药健康,广播电视网络维护及运营支撑软件,人工智能医学应用软件开发,人工智能应用软件,人工智能,移动应用软件,区块链软件开发,软件和信息服务,新兴软件和新型信息技术服务,人工智能,新一代信息技术产业,数字文化创意活动,人工智能软件开发,数字文化创意软件开发,数字创意产业,新兴软件开发,软件和信息技术服务业,应用软件开发,软件开发,信息传输、软件和信息技术服务业","O2O,教育信息化,教育,K12,教育机构,互联网教育,高新技术企业,P2P,家教辅导,2018年高新技术企业名单,国家高新企业,2019中国独角兽榜单,独角兽企业",上海市长宁区虹桥路1157号417室,上海市徐汇区凯进路259号,K12家教服务平台,https://cloud.jingdata.com/#/insight/InsightOrg/167,https://cloud.jingdata.com/#/insight/InsightCompany/legal-fotic5sont
挚信资本,Trustbridge Partners,http://www.trustbridgepartners.com/,2006-10-09,"电子商务,企业服务,医疗健康,教育,文体行业,传统文娱传媒,媒体",219,3,8,,美团,105,无,战略投资,媒体报道,2017-10-19,USD:4000000000.00,CNY:5480000000.0,CNY:2940000000.00,CNY:81968770000.00,"集成电路,集成电路设计平台及配套IP库开发,节能环保,先进环保与资源化利用技术推广","科学研究和技术服务业,科技推广和应用服务业,技术推广服务,其他技术推广服务","节能环保,集成电路设计平台及配套IP库开发,先进环保与资源化利用技术推广,集成电路,生物医药产业,生物医药相关服务,环保研发与技术服务,新技术与创新创业服务,节能环保产业,生物产业,数字文化创意活动,其他数字文化创意活动,先进环保产业,数字创意产业,其他技术推广服务,相关服务业,其他技术推广服务,科技推广和应用服务业,技术推广服务,科学研究和技术服务业","B2C,团购,社区论坛,金融,企业服务,媒体服务,移动互联网,汽车交通,网约车平台,消费生活,居民生活服务,生活信息,社区服务,配送服务,便利店,酒店住宿,非标住宿,民宿,餐饮,2016年中国独角兽企业榜单,团购信息,本地服务,分类信息,电商,消费升级,商家信息,团购网站,电子商务,垂直电商,O2O,借贷融资,中小微企业贷,众包,传统文娱传媒,媒体,KTV,大数据,大数据技术,数据采集,数据服务,批发零售,新零售,综合零售,美业,消费点评,数据管理平台,2017年度中国独角兽企业榜单,2017年度中关村独角兽企业榜单,2015中关村独角兽企业榜单,2017年全球独角兽企业榜单,2016中关村独角兽企业榜单,独角兽企业",北京市海淀区海淀苏州街18号院2楼507,北京市朝阳区望京东路4号恒基伟业大厦BC座,生活服务电子商务平台,https://cloud.jingdata.com/#/insight/InsightOrg/167,https://cloud.jingdata.com/#/insight/InsightCompany/legal-rrp6sbpt54
挚信资本,Trustbridge Partners,http://www.trustbridgepartners.com/,2006-10-09,"电子商务,企业服务,医疗健康,教育,文体行业,传统文娱传媒,媒体",219,3,8,,冬吴文化,1,无,天使轮,工商信息,2017-10-11,无,CNY:3000000.0,无,无,无,"文化、体育和娱乐业,体育,其他体育","文化、体育和娱乐业,体育,其他体育","图书出版,图书音像,出版发行,财经媒体,视频音频,音频内容,传统文娱传媒,媒体,媒体服务,知识付费,知识分享",北京市昌平区回龙观镇回龙观东大街338号创客广场B3-57-010,北京市昌平区回龙观镇回龙观东大街338号创客广场B3-57-010,财经音频内容制作及图书出版商,https://cloud.jingdata.com/#/insight/InsightOrg/167,https://cloud.jingdata.com/#/insight/InsightCompany/legal-10obqdas3f
挚信资本,Trustbridge Partners,http://www.trustbridgepartners.com/,2006-10-09,"电子商务,企业服务,医疗健康,教育,文体行业,传统文娱传媒,媒体",219,3,8,,湾流国际青年社区,69,无,A轮,媒体报道,2017-09-16,CNY:400000000.00,CNY:13651000.0,CNY:12027000.00,CNY:400000000.00,无,"租赁和商务服务业,商务服务业,组织管理服务,投资与资产管理","商务服务业,组织管理服务,投资与资产管理,租赁和商务服务业","会展服务,房产家居,长租公寓,房屋租赁,消费升级,企业服务,物品租赁",上海市虹口区广粤支路1号8幢5层501室,上海市徐汇区虹梅路1801号凯科国际大厦10楼1008室,自营式长租公寓租赁服务平台,https://cloud.jingdata.com/#/insight/InsightOrg/167,https://cloud.jingdata.com/#/insight/InsightCompany/legal-1f4oittbtr
挚信资本,Trustbridge Partners,http://www.trustbridgepartners.com/,2006-10-09,"电子商务,企业服务,医疗健康,教育,文体行业,传统文娱传媒,媒体",219,3,8,,活字文化,32,无,天使轮,工商信息,2017-09-06,无,CNY:10000000.0,CNY:10000000.00,无,无,"文化、体育和娱乐业,文化艺术业,其他文化艺术业","其他文化艺术业,文化、体育和娱乐业,文化艺术业","图书出版,图书音像,文化艺术,生活美学,非TMT,传统文娱传媒,数字出版,出版发行,文化创意",北京市朝阳区酒仙桥路14号31号楼2层202,北京市朝阳区酒仙桥路14号兆维工业园B4楼2层,图书出版商,https://cloud.jingdata.com/#/insight/InsightOrg/167,https://cloud.jingdata.com/#/insight/InsightCompany/legal-5lgvrfq1j2
挚信资本,Trustbridge Partners,http://www.trustbridgepartners.com/,2006-10-09,"电子商务,企业服务,医疗健康,教育,文体行业,传统文娱传媒,媒体",219,3,8,,唯医网,75,无,A+轮,工商信息,2017-08-17,USD:27700000.00,CNY:3238900.0,CNY:3220300.00,CNY:895050000.00,无,"科学研究和技术服务业,科技推广和应用服务业,其他科技推广服务业,其他科技推广服务业","其他科技推广服务业,科技推广和应用服务业,其他科技推广服务业,科学研究和技术服务业","社交社区,知识社区,教育信息化,医疗健康,骨科,教育,职业培训,医学培训,医患交流,医生服务,社区论坛,医疗社区,医疗信息化,医疗机构,患者服务,在线教育,互联网医疗",北京市朝阳区光华路9号楼7层701室,北京市朝阳区光华路9号光华路SOHO2期D座802室,骨科医学教育互动平台,https://cloud.jingdata.com/#/insight/InsightOrg/167,https://cloud.jingdata.com/#/insight/InsightCompany/legal-us8hna0j6b
挚信资本,Trustbridge Partners,http://www.trustbridgepartners.com/,2006-10-09,"电子商务,企业服务,医疗健康,教育,文体行业,传统文娱传媒,媒体",219,3,8,,嘉印文化,25,无,B轮,工商信息,2017-08-08,无,CNY:1000000000.0,CNY:50000000.00,无,无,"文化、体育和娱乐业,体育,其他体育","文化、体育和娱乐业,体育,其他体育","图书出版,内容制作,原创IP,文学IP,传统文娱传媒,数字出版,出版发行",中国(上海)自由贸易试验区祖冲之路2290弄1号1001单元(产证登记楼层901单元),上海市浦东新区展想广场 广州海珠区柏涛雅苑,图书内容制作公司,https://cloud.jingdata.com/#/insight/InsightOrg/167,https://cloud.jingdata.com/#/insight/InsightCompany/legal-fj56hc51eh
挚信资本,Trustbridge Partners,http://www.trustbridgepartners.com/,2006-10-09,"电子商务,企业服务,医疗健康,教育,文体行业,传统文娱传媒,媒体",219,3,8,,流利说,383,无,C轮,其他,2017-07-26,USD:50000000.00,CNY:50000000.0,CNY:1020000.00,CNY:853620000.00,无,"科学研究和技术服务业,科技推广和应用服务业,其他科技推广服务业","其他科技推广服务业,科技推广和应用服务业,科学研究和技术服务业","软件开发,教育,AI教育,移动互联网,语音识别,高新技术企业,教育信息化,在线教育,智能教学,语言学习,外语口语,英语学习,英语口语,人工智能,2018年高新技术企业名单,国家高新企业,2019中国独角兽榜单,独角兽企业",上海市杨浦区长阳路1687号西1168幢(C楼)一层C2101室,上海市杨浦区长阳路1687号长阳创谷B号楼2-3楼,AI英语教育科技服务商,https://cloud.jingdata.com/#/insight/InsightOrg/167,https://cloud.jingdata.com/#/insight/InsightCompany/legal-v1vc2ks2hu
挚信资本,Trustbridge Partners,http://www.trustbridgepartners.com/,2006-10-09,"电子商务,企业服务,医疗健康,教育,文体行业,传统文娱传媒,媒体",219,3,8,,融贯电商,87,无,C轮,媒体报道,2017-07-21,CNY:100000000.00,CNY:5759100.0,CNY:5759100.00,CNY:100000000.00,无,"批发和零售业,零售业,货摊、无店铺及其他零售业,互联网零售","批发和零售业,零售业,货摊、无店铺及其他零售业,互联网零售","电子商务,垂直电商,企业服务,医药,互联网医疗,医疗领域,产业链整合,高新技术企业,B2B,B2C,C2B,全产业链,医疗健康,医疗信息化,移动医疗,医药电商,医药B2B,网上药店,SaaS,医药服务,医疗供应链,LBS,2018年高新技术企业名单,国家高新企业",北京市朝阳区光华路4号院1号楼7层808,北京市朝阳区光华路4号东方梅地亚中心A座808,医药全产业链整合服务平台,https://cloud.jingdata.com/#/insight/InsightOrg/167,https://cloud.jingdata.com/#/insight/InsightCompany/legal-lpc7skcadu
挚信资本,Trustbridge Partners,http://www.trustbridgepartners.com/,2006-10-09,"电子商务,企业服务,医疗健康,教育,文体行业,传统文娱传媒,媒体",219,3,8,,叽里呱啦,143,无,A轮,媒体报道,2017-07-12,USD:5000000.00,CNY:1000000.0,CNY:1000000.00,CNY:463025000.00,无,"科学研究和技术服务业,专业技术服务业,工业与专业设计及其他专业技术服务,其他未列明专业技术服务业","其他未列明专业技术服务业,工业与专业设计及其他专业技术服务,科学研究和技术服务业,专业技术服务业","学前教育,早教应用,语言学习,英语学习,少儿英语,消费升级,婴幼儿,教育,早教",中国(上海)自由贸易试验区新金桥路27号13号楼2层,上海市普陀区宜昌路751号B105室,幼儿英语启蒙教育平台,https://cloud.jingdata.com/#/insight/InsightOrg/167,https://cloud.jingdata.com/#/insight/InsightCompany/legal-b3sda4ntqk
挚信资本,Trustbridge Partners,http://www.trustbridgepartners.com/,2006-10-09,"电子商务,企业服务,医疗健康,教育,文体行业,传统文娱传媒,媒体",219,3,8,,童立方,125,无,A轮,工商信息,2017-06-09,无,CNY:5882400.0,CNY:5882400.00,无,无,"租赁和商务服务业,商务服务业,组织管理服务,其他组织管理服务","其他组织管理服务,商务服务业,组织管理服务,租赁和商务服务业","垂直电商,亲子教育,儿童图书,绘本,阅读写作,亲子阅读,读物,移动互联网,教育信息化,教育,学前教育,智能教学,分级阅读",北京市大兴区兴华大街(二段)1号院20号楼A座10层A1005号,北京市大兴区黄村镇翡翠城香留园108号,儿童阅读产品及服务提供商,https://cloud.jingdata.com/#/insight/InsightOrg/167,https://cloud.jingdata.com/#/insight/InsightCompany/legal-0l7vbojk2c
挚信资本,Trustbridge Partners,http://www.trustbridgepartners.com/,2006-10-09,"电子商务,企业服务,医疗健康,教育,文体行业,传统文娱传媒,媒体",219,3,8,,橙光,108,无,C轮,工商信息,2017-05-26,无,CNY:15394000.000000002,CNY:6367800.00,CNY:167000000.00,无,"信息传输、软件和信息技术服务业,软件和信息技术服务业,其他信息技术服务业,其他未列明信息技术服务业","软件和信息技术服务业,其他未列明信息技术服务业,其他信息技术服务业,信息传输、软件和信息技术服务业","社群经济,动漫,阅读写作,阅读平台,游戏引擎,二次元游戏,文字冒险游戏,制作工具,消费升级,二次元,垂直社区,传统文娱传媒,游戏,游戏开发,软件应用,2018年度中关村瞪羚企业榜单,中关村国家自主创新示范区2017年度“瞪羚企业”名单,瞪羚获奖企业",北京市海淀区上地东路1号院1号楼5层503室2号,北京市海淀区上地东路1号院盈创动力大厦A座南厅503室,互动阅读社区,https://cloud.jingdata.com/#/insight/InsightOrg/167,https://cloud.jingdata.com/#/insight/InsightCompany/legal-r17cu5kbvn
挚信资本,Trustbridge Partners,http://www.trustbridgepartners.com/,2006-10-09,"电子商务,企业服务,医疗健康,教育,文体行业,传统文娱传媒,媒体",219,3,8,,Molbase,2,无,D轮,媒体报道,2017-05-09,CNY:100000000.00,USD:24000000.0,CNY:155820000.00,CNY:1189655000.00,无,"科学研究和技术服务业,专业技术服务业,工业与专业设计及其他专业技术服务,其他未列明专业技术服务业","其他未列明专业技术服务业,工业与专业设计及其他专业技术服务,科学研究和技术服务业,专业技术服务业","电子商务,B2B,化工交易,垂直B2B,化工塑料B2B,进出口电商,新材料,先进制造,电商,电商平台,高新技术企业,生产制造,2018年高新技术企业名单,国家高新企业",中国(上海)自由贸易试验区港澳路239号1幢3层333室,上海市徐汇区北青州路1001 号5楼,化学品电商平台,https://cloud.jingdata.com/#/insight/InsightOrg/167,https://cloud.jingdata.com/#/insight/InsightCompany/legal-08e94rkmio
挚信资本,Trustbridge Partners,http://www.trustbridgepartners.com/,2006-10-09,"电子商务,企业服务,医疗健康,教育,文体行业,传统文娱传媒,媒体",219,3,8,,悟空找房,21,无,B+轮,媒体报道,2017-04-11,USD:50000000.00,CNY:2500000.0,CNY:2500000.00,CNY:650000000.00,无,"房地产业,房地产业,房地产中介服务","房地产业,房地产中介服务,房地产业","房产家居,房产中介,二手房交易,中介,房屋买卖,移动互联网",浦东新区南汇新城镇环湖西一路99号6号楼B210室,上海市长宁区虹桥路996弄45号,房源共享体系和中介加盟的房屋交易服务平台,https://cloud.jingdata.com/#/insight/InsightOrg/167,https://cloud.jingdata.com/#/insight/InsightCompany/legal-n1craiev7e
挚信资本,Trustbridge Partners,http://www.trustbridgepartners.com/,2006-10-09,"电子商务,企业服务,医疗健康,教育,文体行业,传统文娱传媒,媒体",219,3,8,,凯叔讲故事,410,无,B轮,媒体报道,2017-04-10,CNY:90000000.00,CNY:4434800.0,CNY:4434800.00,CNY:1004500000.00,无,"文化、体育和娱乐业,文化艺术业,其他文化艺术业","其他文化艺术业,文化、体育和娱乐业,文化艺术业","亲子教育,自媒体,儿童故事,阅读写作,有声读物,育儿知识,婴幼儿,学前教育,传统文娱传媒,媒体,知识付费,移动互联网,故事类自媒体,2020胡润中国瞪羚企业,瞪羚获奖企业",北京市朝阳区望京东园七区19号楼31层3101号A室,北京市朝阳区望京东园保利国际广场T3四座,儿童有声阅读APP,https://cloud.jingdata.com/#/insight/InsightOrg/167,https://cloud.jingdata.com/#/insight/InsightCompany/legal-aboejc49pl
挚信资本,Trustbridge Partners,http://www.trustbridgepartners.com/,2006-10-09,"电子商务,企业服务,医疗健康,教育,文体行业,传统文娱传媒,媒体",219,3,8,,放制Openmake,1,无,天使轮,工商信息,2017-03-28,无,CNY:7000000.0,CNY:7000000.00,无,无,"批发和零售业,批发业,其他批发业,其他未列明批发业","批发和零售业,其他未列明批发业,批发业,其他批发业","房产家居,家具/家居,原创家具,定制家具,家具设计,家具生产,生产制造,非TMT,设计师",中国(上海)自由贸易试验区富特东一路350号1幢1层167室,上海市黄浦区马当路119号二层,原创家具设计生产商,https://cloud.jingdata.com/#/insight/InsightOrg/167,https://cloud.jingdata.com/#/insight/InsightCompany/legal-kio07u3a8g
挚信资本,Trustbridge Partners,http://www.trustbridgepartners.com/,2006-10-09,"电子商务,企业服务,医疗健康,教育,文体行业,传统文娱传媒,媒体",219,3,8,,正己基业,46,无,天使轮,工商信息,2017-03-01,无,CNY:14029000.0,CNY:9626300.00,无,无,"科学研究和技术服务业,科技推广和应用服务业,其他科技推广服务业","其他科技推广服务业,科技推广和应用服务业,科学研究和技术服务业","行业信息化,教育信息化,公益慈善,教育,解决方案提供商,教育产品,教育资源,企业服务,SaaS",北京市海淀区知春路113号1幢16层1910,北京市海淀区中关村大街银网中心B座1908室,教育内容解决方案提供商,https://cloud.jingdata.com/#/insight/InsightOrg/167,https://cloud.jingdata.com/#/insight/InsightCompany/legal-uugrvo3lcj
挚信资本,Trustbridge Partners,http://www.trustbridgepartners.com/,2006-10-09,"电子商务,企业服务,医疗健康,教育,文体行业,传统文娱传媒,媒体",219,3,8,,摩贝,无,无,D轮,其他,2017-03-01,CNY:100000000.00,无,CNY:9626300.00,无,无,无,无,无,北京市海淀区知春路113号1幢16层1910,北京市海淀区中关村大街银网中心B座1908室,化学品综合服务平台,https://cloud.jingdata.com/#/insight/InsightOrg/167,https://cloud.jingdata.com/#/insight/InsightCompany/legal-uugrvo3lcj
挚信资本,Trustbridge Partners,http://www.trustbridgepartners.com/,2006-10-09,"电子商务,企业服务,医疗健康,教育,文体行业,传统文娱传媒,媒体",219,3,8,,行装,45,无,种子轮,工商信息,2017-01-25,无,CNY:7963000.0,CNY:691520.00,CNY:50000000.00,无,"信息传输、软件和信息技术服务业,互联网和相关服务,其他互联网服务","互联网和相关服务,其他互联网服务,信息传输、软件和信息技术服务业","B2C,服饰电商,体育健身,运动装备,户外运动,SaaS,户外旅行,户外装备,电商,电商平台,产品推荐,电子商务,垂直电商,企业服务,体育用品,户外运动装备,营销SaaS",浙江省杭州市滨江区长河街道江二路400号2幢7层702室,浙江省杭州市滨江区长河街道江二路400号2幢7层705室,户外旅行装备电商平台,https://cloud.jingdata.com/#/insight/InsightOrg/167,https://cloud.jingdata.com/#/insight/InsightCompany/legal-aqrjdg2vu9
挚信资本,Trustbridge Partners,http://www.trustbridgepartners.com/,2006-10-09,"电子商务,企业服务,医疗健康,教育,文体行业,传统文娱传媒,媒体",219,3,8,,学霸君,24,无,C轮,媒体报道,2017-01-20,USD:100000000.00,CNY:6000000.0,CNY:6000000.00,CNY:1012500000.00,无,"信息传输、软件和信息技术服务业,软件和信息技术服务业,其他信息技术服务业,其他未列明信息技术服务业","软件和信息技术服务业,其他未列明信息技术服务业,其他信息技术服务业,信息传输、软件和信息技术服务业","软件开发,教育,K12,在线教育,AI教育,题库问答,拍照答题,互联网教育,AI行业应用,高新技术企业,知识问答,智能教学,人工智能,2020胡润中国瞪羚企业,2017年度中国独角兽企业榜单,2018年高新技术企业名单,国家高新企业,瞪羚获奖企业,2019中国独角兽榜单,2018年度中国独角兽企业榜单,独角兽企业",上海市杨浦区淞沪路433号805室,上海市杨浦区淞沪路433号805室,K12教育学习辅导软件研发商,https://cloud.jingdata.com/#/insight/InsightOrg/167,https://cloud.jingdata.com/#/insight/InsightCompany/legal-a93o23keu8
挚信资本,Trustbridge Partners,http://www.trustbridgepartners.com/,2006-10-09,"电子商务,企业服务,医疗健康,教育,文体行业,传统文娱传媒,媒体",219,3,8,,吴晓波频道,197,无,A轮,媒体报道,2016-12-27,CNY:160000000.00,CNY:72000000.0,CNY:72000000.00,CNY:160000000.00,无,"文化、体育和娱乐业,体育,其他体育","文化、体育和娱乐业,体育,其他体育","电子商务,电商服务,金融,支付,社群营销,职业培训,垂直媒体,财经媒体,金融资讯,媒体服务,自媒体,知识分享,社群运营,在线支付,企业服务,教育,大学教育,传统文娱传媒,媒体,知识付费,居民生活服务,小程序,消费升级",浙江省杭州市西湖区北山街道白沙泉158号102室,浙江省杭州市,财经类自媒体,https://cloud.jingdata.com/#/insight/InsightOrg/167,https://cloud.jingdata.com/#/insight/InsightCompany/legal-oa7tekuu1n
挚信资本,Trustbridge Partners,http://www.trustbridgepartners.com/,2006-10-09,"电子商务,企业服务,医疗健康,教育,文体行业,传统文娱传媒,媒体",219,3,8,,翰鑫金科,32,无,D轮,工商信息,2016-10-19,无,CNY:48000999.99999999,CNY:47996000.00,CNY:132500000.00,"软件和信息服务,行业软件,软件和信息服务,工业软件,医药健康,新一代医疗行业应用软件开发,软件和信息服务,广播电视网络维护及运营支撑软件,医药健康,人工智能医学应用软件开发,人工智能,人工智能应用软件,软件和信息服务,移动应用软件,软件和信息服务,区块链软件开发","信息传输、软件和信息技术服务业,软件和信息技术服务业,软件开发,应用软件开发","行业软件,工业软件,新一代医疗行业应用软件开发,医药健康,广播电视网络维护及运营支撑软件,人工智能医学应用软件开发,人工智能应用软件,人工智能,移动应用软件,区块链软件开发,软件和信息服务,新兴软件和新型信息技术服务,人工智能,新一代信息技术产业,数字文化创意活动,人工智能软件开发,数字文化创意软件开发,数字创意产业,新兴软件开发,软件和信息技术服务业,应用软件开发,软件开发,信息传输、软件和信息技术服务业","企业金融,供应链金融,信用信息服务,信用评估,信用贷款,小额信贷,借贷,支付技术服务,理财,O2O营销,大数据,垂直行业数据,金融大数据,大数据征信,数据分析,数据服务,金融设备,智能终端,高新技术企业,金融,支付,移动支付,第三方支付,企业服务,开发者服务,2018年高新技术企业名单,国家高新企业",上海市浦东新区东方路3601号2号楼413室,"上海市浦东新区峨山路91弄陆家嘴软件园58号伟泰大厦B区4,5,6楼",金融服务提供商,https://cloud.jingdata.com/#/insight/InsightOrg/167,https://cloud.jingdata.com/#/insight/InsightCompany/legal-6vt4lu9phi
挚信资本,Trustbridge Partners,http://www.trustbridgepartners.com/,2006-10-09,"电子商务,企业服务,医疗健康,教育,文体行业,传统文娱传媒,媒体",219,3,8,,奕真生物,1,无,B轮,媒体报道,2016-10-19,CNY:200000000.00,CNY:13171000.0,CNY:13171000.00,CNY:200000000.00,"集成电路,集成电路设计平台及配套IP库开发,节能环保,先进环保与资源化利用技术推广","科学研究和技术服务业,科技推广和应用服务业,技术推广服务,其他技术推广服务","节能环保,集成电路设计平台及配套IP库开发,先进环保与资源化利用技术推广,集成电路,生物医药产业,生物医药相关服务,环保研发与技术服务,新技术与创新创业服务,节能环保产业,生物产业,数字文化创意活动,其他数字文化创意活动,先进环保产业,数字创意产业,其他技术推广服务,相关服务业,其他技术推广服务,科技推广和应用服务业,技术推广服务,科学研究和技术服务业","生物技术,医疗健康,医疗技术,医疗服务,体外诊断,分子诊断,医疗检测,精准医疗,生殖健康,体征,基因检测,基因测序,生命科学,消费升级",浙江省杭州市钱塘新区下沙街道福城路291号和达药谷中心1-811室,浙江省杭州市经济技术开发区白杨街道科技园路2号5幢11层11-29单元,基因检测研究服务提供商,https://cloud.jingdata.com/#/insight/InsightOrg/167,https://cloud.jingdata.com/#/insight/InsightCompany/legal-aevu83l4mb
挚信资本,Trustbridge Partners,http://www.trustbridgepartners.com/,2006-10-09,"电子商务,企业服务,医疗健康,教育,文体行业,传统文娱传媒,媒体",219,3,8,,Veritas Genetics,无,无,B轮,媒体报道,2016-10-17,USD:30000000.00,无,CNY:13171000.00,无,无,无,无,"精准用药,基因检测,精准医疗,生命科学,乳腺癌,疾病治疗,生物技术,医疗健康,医疗信息化",浙江省杭州市钱塘新区下沙街道福城路291号和达药谷中心1-811室,浙江省杭州市经济技术开发区白杨街道科技园路2号5幢11层11-29单元,美国基因检测研究服务公司,https://cloud.jingdata.com/#/insight/InsightOrg/167,https://cloud.jingdata.com/#/insight/InsightCompany/legal-aevu83l4mb
挚信资本,Trustbridge Partners,http://www.trustbridgepartners.com/,2006-10-09,"电子商务,企业服务,医疗健康,教育,文体行业,传统文娱传媒,媒体",219,3,8,,奇飞翔艺,2,无,A轮,其他,2016-10-14,无,CNY:125860000.0,CNY:125860000.00,无,无,"租赁和商务服务业,商务服务业,咨询与调查,社会经济咨询","社会经济咨询,咨询与调查,商务服务业,租赁和商务服务业","团购,企业服务,网络安全,通用类企业服务,IT服务,软件开发,互联网服务,外包,技术外包,团购信息,信息安全,高新技术企业,电子商务,消费升级,2018年高新技术企业名单,国家高新企业",北京市朝阳区酒仙桥路6号院2号楼A座5层501-506室,北京市朝阳区酒仙桥路6号院2号楼A座5层501-506室,互联网手机安全产品提供商,https://cloud.jingdata.com/#/insight/InsightOrg/167,https://cloud.jingdata.com/#/insight/InsightCompany/legal-o7jddmcri9
挚信资本,Trustbridge Partners,http://www.trustbridgepartners.com/,2006-10-09,"电子商务,企业服务,医疗健康,教育,文体行业,传统文娱传媒,媒体",219,3,8,,淘金云客服,161,无,A轮,媒体报道,2016-07-13,CNY:100000000.00,CNY:15249000.0,CNY:15249000.00,CNY:100000000.00,"软件和信息服务,基础软件,软件和信息服务,广播电视网络维护及运营支撑软件,人工智能,人工智能基础软件","信息传输、软件和信息技术服务业,软件和信息技术服务业,软件开发,基础软件开发","基础软件,广播电视网络维护及运营支撑软件,人工智能基础软件,人工智能,软件和信息服务,新兴软件和新型信息技术服务,人工智能,新一代信息技术产业,人工智能软件开发,新兴软件开发,软件和信息技术服务业,基础软件开发,软件开发,信息传输、软件和信息技术服务业","电子商务,企业服务,通用类企业服务,IT服务,软件开发,外包,电商服务,客服服务",中国(四川)自由贸易试验区成都市天府新区湖畔路北段366号11栋3楼1号,四川省成都市天府大道南段2039号天府菁蓉大厦,客服外包服务提供商,https://cloud.jingdata.com/#/insight/InsightOrg/167,https://cloud.jingdata.com/#/insight/InsightCompany/legal-iumleci4rj
挚信资本,Trustbridge Partners,http://www.trustbridgepartners.com/,2006-10-09,"电子商务,企业服务,医疗健康,教育,文体行业,传统文娱传媒,媒体",219,3,8,,容联云通讯,208,无,C轮,媒体报道,2016-07-05,USD:70000000.00,CNY:100000000.0,CNY:5420000.00,CNY:5716000000.00,无,"科学研究和技术服务业,科技推广和应用服务业,其他科技推广服务业","其他科技推广服务业,科技推广和应用服务业,科学研究和技术服务业","云计算,SaaS,聊天机器人,通讯,系统工具,电话通讯,企业IM,通讯录,即时通讯,网络电话,企业服务,云服务,PaaS,云通讯,云计算平台,软件应用,中关村国家自主创新示范区2017年度“瞪羚企业”名单,2020胡润中国瞪羚企业,瞪羚获奖企业",北京市朝阳区广顺北大街33号院1号楼13层一单元1601室,北京市朝阳区广顺北大街33号福码大厦A座16层,企业通讯云服务提供商,https://cloud.jingdata.com/#/insight/InsightOrg/167,https://cloud.jingdata.com/#/insight/InsightCompany/legal-43d1opujka
挚信资本,Trustbridge Partners,http://www.trustbridgepartners.com/,2006-10-09,"电子商务,企业服务,医疗健康,教育,文体行业,传统文娱传媒,媒体",219,3,8,,PingWest,56,无,A轮,媒体报道,2016-07-04,CNY:30000000.00,CNY:228550.0,CNY:228550.00,CNY:35000000.00,"集成电路,集成电路设计平台及配套IP库开发,节能环保,先进环保与资源化利用技术推广","科学研究和技术服务业,科技推广和应用服务业,技术推广服务,其他技术推广服务","节能环保,集成电路设计平台及配套IP库开发,先进环保与资源化利用技术推广,集成电路,生物医药产业,生物医药相关服务,环保研发与技术服务,新技术与创新创业服务,节能环保产业,生物产业,数字文化创意活动,其他数字文化创意活动,先进环保产业,数字创意产业,其他技术推广服务,相关服务业,其他技术推广服务,科技推广和应用服务业,技术推广服务,科学研究和技术服务业","垂直媒体,网络媒体,直播,生活信息,传统文娱传媒,媒体,硬件媒体,新闻资讯,金融资讯,媒体服务,新媒体",北京市朝阳区西大望路27号[2-1]74幢一层305室,北京市朝阳区高碑店陈家林路甲56号,科技消费资讯媒体,https://cloud.jingdata.com/#/insight/InsightOrg/167,https://cloud.jingdata.com/#/insight/InsightCompany/legal-vbk5sj8t3c
挚信资本,Trustbridge Partners,http://www.trustbridgepartners.com/,2006-10-09,"电子商务,企业服务,医疗健康,教育,文体行业,传统文娱传媒,媒体",219,3,8,,伍德吃托克,10,无,天使轮,媒体报道,2016-07-01,CNY:6000000.00,CNY:156900.0,CNY:137810.00,CNY:56000000.00,无,"科学研究和技术服务业,科技推广和应用服务业,其他科技推广服务业,其他科技推广服务业","其他科技推广服务业,科技推广和应用服务业,科学研究和技术服务业","品牌营销,现场音乐,音乐,音乐厂牌,消费生活,场景消费,商业零售,企业服务,传统文娱传媒,居民生活服务",北京市大兴区黄村镇天河北路5号,北京市朝阳区霞光里66号远洋新干线A座1701,复合场景消费体验品牌,https://cloud.jingdata.com/#/insight/InsightOrg/167,https://cloud.jingdata.com/#/insight/InsightCompany/legal-gb183r7k1u
挚信资本,Trustbridge Partners,http://www.trustbridgepartners.com/,2006-10-09,"电子商务,企业服务,医疗健康,教育,文体行业,传统文娱传媒,媒体",219,3,8,,朗阁教育,42,无,A轮,工商信息,2016-06-20,无,CNY:42105000.0,CNY:42105000.00,无,无,"科学研究和技术服务业,科技推广和应用服务业,其他科技推广服务业,其他科技推广服务业","其他科技推广服务业,科技推广和应用服务业,其他科技推广服务业,科学研究和技术服务业","教育,留学服务,留学英语,语言学习,英语学习,小语种学习",上海市黄浦区淮海中路222号501、502A、506B、507室,杭州市二轻大厦B座4楼,留学英语培训机构,https://cloud.jingdata.com/#/insight/InsightOrg/167,https://cloud.jingdata.com/#/insight/InsightCompany/legal-1gtllshifq
挚信资本,Trustbridge Partners,http://www.trustbridgepartners.com/,2006-10-09,"电子商务,企业服务,医疗健康,教育,文体行业,传统文娱传媒,媒体",219,3,8,,奇信志成,,无,战略投资,其他,2016-06-07,无,CNY:57533000.0,CNY:57533000.00,无,无,"科学研究和技术服务业,科技推广和应用服务业,技术推广服务","科技推广和应用服务业,技术推广服务,科学研究和技术服务业","金融,企业金融,企业资产管理,其他金融服务,综合金融服务,上市公司私有化,资产管理,企业服务",天津滨海高新区滨海科技园高新六路39号9-3-401号,天津市滨海高新区滨海科技园高新六路39号9-3-401号,上市公司私有化服务提供商,https://cloud.jingdata.com/#/insight/InsightOrg/167,https://cloud.jingdata.com/#/insight/InsightCompany/legal-g6fpb6o5rk
挚信资本,Trustbridge Partners,http://www.trustbridgepartners.com/,2006-10-09,"电子商务,企业服务,医疗健康,教育,文体行业,传统文娱传媒,媒体",219,3,8,,悦木室内设计,,无,天使轮,工商信息,2016-03-18,无,CNY:1000000.0,CNY:950000.00,无,"科技服务,专业化设计服务","科学研究和技术服务业,专业技术服务业,工业与专业设计及其他专业技术服务,工业设计服务","科技服务,专业化设计服务,风能发电工程技术服务,风能产业,数字设计服务,节能环保产业,设计服务,数字创意产业,节能工程施工,高效节能产业,新能源产业,工业设计服务,工业与专业设计及其他专业技术服务,科学研究和技术服务业,专业技术服务业","装修设计,家装建材,房产家居,建材,室内设计,室内环境,室内设计师",上海市青浦区赵巷镇沪青平公路3398号1幢3层K区321室,上海市青浦区愚园东路20号东海广场3号楼8楼,室内设计服务提供商,https://cloud.jingdata.com/#/insight/InsightOrg/167,https://cloud.jingdata.com/#/insight/InsightCompany/legal-m2k8s66f7u
挚信资本,Trustbridge Partners,http://www.trustbridgepartners.com/,2006-10-09,"电子商务,企业服务,医疗健康,教育,文体行业,传统文娱传媒,媒体",219,3,8,,摩贝,无,无,C轮,其他,2016-03-17,USD:50000000.00,无,CNY:950000.00,无,无,无,无,无,上海市青浦区赵巷镇沪青平公路3398号1幢3层K区321室,上海市青浦区愚园东路20号东海广场3号楼8楼,化学品综合服务平台,https://cloud.jingdata.com/#/insight/InsightOrg/167,https://cloud.jingdata.com/#/insight/InsightCompany/legal-m2k8s66f7u
挚信资本,Trustbridge Partners,http://www.trustbridgepartners.com/,2006-10-09,"电子商务,企业服务,医疗健康,教育,文体行业,传统文娱传媒,媒体",219,3,8,,Molbase,2,无,C轮,媒体报道,2016-03-17,USD:50000000.00,USD:24000000.0,CNY:155820000.00,CNY:1189655000.00,无,"科学研究和技术服务业,专业技术服务业,工业与专业设计及其他专业技术服务,其他未列明专业技术服务业","其他未列明专业技术服务业,工业与专业设计及其他专业技术服务,科学研究和技术服务业,专业技术服务业","电子商务,B2B,化工交易,垂直B2B,化工塑料B2B,进出口电商,新材料,先进制造,电商,电商平台,高新技术企业,生产制造,2018年高新技术企业名单,国家高新企业",中国(上海)自由贸易试验区港澳路239号1幢3层333室,上海市徐汇区北青州路1001 号5楼,化学品电商平台,https://cloud.jingdata.com/#/insight/InsightOrg/167,https://cloud.jingdata.com/#/insight/InsightCompany/legal-08e94rkmio
挚信资本,Trustbridge Partners,http://www.trustbridgepartners.com/,2006-10-09,"电子商务,企业服务,医疗健康,教育,文体行业,传统文娱传媒,媒体",219,3,8,,海笛数字出版,18,无,天使轮,工商信息,2016-02-22,无,CNY:11920000.0,CNY:1224000.00,无,无,"科学研究和技术服务业,科技推广和应用服务业,其他科技推广服务业","其他科技推广服务业,科技推广和应用服务业,科学研究和技术服务业","教育信息化,教育软件,教育,汉语学习,汉字,图书出版,词典翻译,字典,智能词典,工具,传统文娱传媒,数字出版,出版发行",中国(上海)自由贸易试验区郭守敬路351号2号楼A661-07室,上海市郭守敬路498号22号楼309室,字典教育软件产品提供商,https://cloud.jingdata.com/#/insight/InsightOrg/167,https://cloud.jingdata.com/#/insight/InsightCompany/legal-vmnemet11u
挚信资本,Trustbridge Partners,http://www.trustbridgepartners.com/,2006-10-09,"电子商务,企业服务,医疗健康,教育,文体行业,传统文娱传媒,媒体",219,3,8,,悟空找房,21,无,B轮,媒体报道,2016-01-19,USD:50000000.00,CNY:2500000.0,CNY:2500000.00,CNY:650000000.00,无,"房地产业,房地产业,房地产中介服务","房地产业,房地产中介服务,房地产业","房产家居,房产中介,二手房交易,中介,房屋买卖,移动互联网",浦东新区南汇新城镇环湖西一路99号6号楼B210室,上海市长宁区虹桥路996弄45号,房源共享体系和中介加盟的房屋交易服务平台,https://cloud.jingdata.com/#/insight/InsightOrg/167,https://cloud.jingdata.com/#/insight/InsightCompany/legal-n1craiev7e
挚信资本,Trustbridge Partners,http://www.trustbridgepartners.com/,2006-10-09,"电子商务,企业服务,医疗健康,教育,文体行业,传统文娱传媒,媒体",219,3,8,,美团,105,无,E轮及以后,媒体报道,2016-01-19,USD:3300000000.00,CNY:5480000000.0,CNY:2940000000.00,CNY:81968770000.00,"集成电路,集成电路设计平台及配套IP库开发,节能环保,先进环保与资源化利用技术推广","科学研究和技术服务业,科技推广和应用服务业,技术推广服务,其他技术推广服务","节能环保,集成电路设计平台及配套IP库开发,先进环保与资源化利用技术推广,集成电路,生物医药产业,生物医药相关服务,环保研发与技术服务,新技术与创新创业服务,节能环保产业,生物产业,数字文化创意活动,其他数字文化创意活动,先进环保产业,数字创意产业,其他技术推广服务,相关服务业,其他技术推广服务,科技推广和应用服务业,技术推广服务,科学研究和技术服务业","B2C,团购,社区论坛,金融,企业服务,媒体服务,移动互联网,汽车交通,网约车平台,消费生活,居民生活服务,生活信息,社区服务,配送服务,便利店,酒店住宿,非标住宿,民宿,餐饮,2016年中国独角兽企业榜单,团购信息,本地服务,分类信息,电商,消费升级,商家信息,团购网站,电子商务,垂直电商,O2O,借贷融资,中小微企业贷,众包,传统文娱传媒,媒体,KTV,大数据,大数据技术,数据采集,数据服务,批发零售,新零售,综合零售,美业,消费点评,数据管理平台,2017年度中国独角兽企业榜单,2017年度中关村独角兽企业榜单,2015中关村独角兽企业榜单,2017年全球独角兽企业榜单,2016中关村独角兽企业榜单,独角兽企业",北京市海淀区海淀苏州街18号院2楼507,北京市朝阳区望京东路4号恒基伟业大厦BC座,生活服务电子商务平台,https://cloud.jingdata.com/#/insight/InsightOrg/167,https://cloud.jingdata.com/#/insight/InsightCompany/legal-rrp6sbpt54
挚信资本,Trustbridge Partners,http://www.trustbridgepartners.com/,2006-10-09,"电子商务,企业服务,医疗健康,教育,文体行业,传统文娱传媒,媒体",219,3,8,,萌番日语,1145,无,天使轮,其他,2016-01-18,无,CNY:1000000.0,无,无,无,"文化、体育和娱乐业,文化艺术业,其他文化艺术业","其他文化艺术业,文化、体育和娱乐业,文化艺术业","教育,在线教育,日语学习,语言在线教育,语言学习,小语种学习",上海市杨浦区长阳路1687号西1168幢(C楼)一层C4101室,上海市杨浦区国泰路11号1层展示厅A272室,日语在线教育平台,https://cloud.jingdata.com/#/insight/InsightOrg/167,https://cloud.jingdata.com/#/insight/InsightCompany/legal-943n31ph9g
挚信资本,Trustbridge Partners,http://www.trustbridgepartners.com/,2006-10-09,"电子商务,企业服务,医疗健康,教育,文体行业,传统文娱传媒,媒体",219,3,8,,唯医网,75,无,A轮,媒体报道,2016-01-12,USD:10000000.00,CNY:3238900.0,CNY:3220300.00,CNY:895050000.00,无,"科学研究和技术服务业,科技推广和应用服务业,其他科技推广服务业,其他科技推广服务业","其他科技推广服务业,科技推广和应用服务业,其他科技推广服务业,科学研究和技术服务业","社交社区,知识社区,教育信息化,医疗健康,骨科,教育,职业培训,医学培训,医患交流,医生服务,社区论坛,医疗社区,医疗信息化,医疗机构,患者服务,在线教育,互联网医疗",北京市朝阳区光华路9号楼7层701室,北京市朝阳区光华路9号光华路SOHO2期D座802室,骨科医学教育互动平台,https://cloud.jingdata.com/#/insight/InsightOrg/167,https://cloud.jingdata.com/#/insight/InsightCompany/legal-us8hna0j6b
挚信资本,Trustbridge Partners,http://www.trustbridgepartners.com/,2006-10-09,"电子商务,企业服务,医疗健康,教育,文体行业,传统文娱传媒,媒体",219,3,8,,康大预诊,1,无,B轮,其他,2016-01-04,无,CNY:1500000.0,CNY:1500000.00,CNY:32500000.00,无,"科学研究和技术服务业,科技推广和应用服务业,其他科技推广服务业","其他科技推广服务业,科技推广和应用服务业,科学研究和技术服务业","企业服务,行业信息化,医疗信息化,移动医疗,医疗服务,医疗机构,妇幼,健康顾问,医疗健康,在线问诊,患者服务",上海市浦东新区历城路70号甲二楼,上海市浦东新区上钢三村45号甲1056B室,在线问诊医疗服务平台,https://cloud.jingdata.com/#/insight/InsightOrg/167,https://cloud.jingdata.com/#/insight/InsightCompany/legal-abgl180d9f
挚信资本,Trustbridge Partners,http://www.trustbridgepartners.com/,2006-10-09,"电子商务,企业服务,医疗健康,教育,文体行业,传统文娱传媒,媒体",219,3,8,,THE BEAST野兽派,132,无,B轮,其他,2015-12-19,CNY:50000000.00,CNY:5500000.0,CNY:5500000.00,CNY:82500000.00,无,"批发和零售业,批发业,其他批发业,其他未列明批发业","批发和零售业,其他未列明批发业,批发业,其他批发业","电子商务,垂直电商,独立品牌,消费生活,生活消费品,鲜花礼品,创意手工,电商,实体店,B2C,O2O,文化艺术,鲜花O2O,消费升级",上海市长宁区新华路365弄6号8号楼B06室,上海市安福路322号4号楼102室,花艺礼品品牌,https://cloud.jingdata.com/#/insight/InsightOrg/167,https://cloud.jingdata.com/#/insight/InsightCompany/legal-5g2p4dv0ih
挚信资本,Trustbridge Partners,http://www.trustbridgepartners.com/,2006-10-09,"电子商务,企业服务,医疗健康,教育,文体行业,传统文娱传媒,媒体",219,3,8,,爱分析,30,无,天使轮,其他,2015-12-11,CNY:5000000.00,CNY:1333300.0,CNY:1333300.00,CNY:5000000.00,"集成电路,集成电路设计平台及配套IP库开发,节能环保,先进环保与资源化利用技术推广","科学研究和技术服务业,科技推广和应用服务业,技术推广服务,其他技术推广服务","节能环保,集成电路设计平台及配套IP库开发,先进环保与资源化利用技术推广,集成电路,生物医药产业,生物医药相关服务,环保研发与技术服务,新技术与创新创业服务,节能环保产业,生物产业,数字文化创意活动,其他数字文化创意活动,先进环保产业,数字创意产业,其他技术推广服务,相关服务业,其他技术推广服务,科技推广和应用服务业,技术推广服务,科学研究和技术服务业","金融,其他金融服务,投研,企业服务,媒体,数据分析,数据服务,金融市场,传统文娱传媒,垂直媒体,移动互联网",北京市朝阳区酒仙桥路14号50号楼一门二层2017室,北京市朝阳区棕榈泉国际公寓,企业数据分析与投研服务平台,https://cloud.jingdata.com/#/insight/InsightOrg/167,https://cloud.jingdata.com/#/insight/InsightCompany/legal-jf8d3kda42
挚信资本,Trustbridge Partners,http://www.trustbridgepartners.com/,2006-10-09,"电子商务,企业服务,医疗健康,教育,文体行业,传统文娱传媒,媒体",219,3,8,,天使之橙,1589,无,A轮,工商信息,2015-11-09,无,CNY:18529000.0,CNY:7898000.00,CNY:400000000.00,无,"科学研究和技术服务业,专业技术服务业,工业与专业设计及其他专业技术服务,其他未列明专业技术服务业","其他未列明专业技术服务业,工业与专业设计及其他专业技术服务,科学研究和技术服务业,专业技术服务业","消费生活,新零售,便利店,无人零售场景,综合零售,鲜榨果汁,批发零售,无人便利店,自动贩卖机",上海市松江区叶榭镇叶旺路1号6楼,上海市虹口区溧阳路735号半岛湾3幢3105室,现榨橙汁自助贩卖机运营商,https://cloud.jingdata.com/#/insight/InsightOrg/167,https://cloud.jingdata.com/#/insight/InsightCompany/legal-ojjsopco6h
挚信资本,Trustbridge Partners,http://www.trustbridgepartners.com/,2006-10-09,"电子商务,企业服务,医疗健康,教育,文体行业,传统文娱传媒,媒体",219,3,8,,51CTO,164,无,A轮,用户UGC,2015-11-01,CNY:100000000.00,CNY:12500000.0,CNY:12500000.00,CNY:380000000.00,无,"科学研究和技术服务业,科技推广和应用服务业,其他科技推广服务业","其他科技推广服务业,科技推广和应用服务业,科学研究和技术服务业","企业服务,IT服务,技术咨询,教育,在线教育,视频课程,自学考试,职业培训,IT培训,技术培训,媒体,游戏,知识分享,移动互联网,内容类应用,垂直媒体,新媒体,软件和信息技术,软件应用,居民生活服务,2017年国家高新区瞪羚企业,2015年国家高新区瞪羚企业,2018年度中关村瞪羚企业榜单,中关村国家自主创新示范区2017年度“瞪羚企业”名单,中关村国家自主创新示范区2016年度“瞪羚企业”名单,中关村国家自主创新示范区2014年度“瞪羚企业”名单,2018国家高新区瞪羚企业名单,中关村国家自主创新示范区2013年度“瞪羚企业”名单,中关村国家自主创新示范区2012年度“瞪羚企业”名单,中关村国家自主创新示范区2011年度“瞪羚企业”名单,瞪羚获奖企业",北京市海淀区中关村南一条甲一号2号楼602A,北京市海淀区中关村南一条甲一号ECO中科爱克大厦6-7层,IT技术培训服务提供商,https://cloud.jingdata.com/#/insight/InsightOrg/167,https://cloud.jingdata.com/#/insight/InsightCompany/legal-go6c52fugg
挚信资本,Trustbridge Partners,http://www.trustbridgepartners.com/,2006-10-09,"电子商务,企业服务,医疗健康,教育,文体行业,传统文娱传媒,媒体",219,3,8,,艺客,1,无,A+轮,媒体报道,2015-10-01,无,CNY:6077500.0,无,CNY:65000000.00,无,"文化、体育和娱乐业,体育,其他体育","文化、体育和娱乐业,体育,其他体育","电子商务,艺术品电商,艺术品交易,线上交易,艺术社区,文化艺术,中介服务,电商,B2C,垂直电商,C2C,艺术品",北京市朝阳区酒仙桥路2号院内(707厂)【5-4】2号楼3层308室,北京市朝阳区酒仙桥路2号院内(707厂)【5-4】2号楼3层308室,艺术品线上交易平台,https://cloud.jingdata.com/#/insight/InsightOrg/167,https://cloud.jingdata.com/#/insight/InsightCompany/legal-5a0vha3uqu
挚信资本,Trustbridge Partners,http://www.trustbridgepartners.com/,2006-10-09,"电子商务,企业服务,医疗健康,教育,文体行业,传统文娱传媒,媒体",219,3,8,,费米科学,35,无,天使轮,媒体报道,2015-09-10,CNY:3000000.00,CNY:3512200.0,CNY:1482700.00,CNY:13000000.00,无,"科学研究和技术服务业,科技推广和应用服务业,其他科技推广服务业,其他科技推广服务业","其他科技推广服务业,科技推广和应用服务业,其他科技推广服务业,科学研究和技术服务业","教育,K12,创客教育,兴趣教育,STEAM教学,科学教育,素质教育",北京市海淀区中关村东路16号院2号楼1层101,北京市海淀区海淀街道海淀大街中钢国际广场,中小学生创客教育平台,https://cloud.jingdata.com/#/insight/InsightOrg/167,https://cloud.jingdata.com/#/insight/InsightCompany/legal-k68bsf6f7k
挚信资本,Trustbridge Partners,http://www.trustbridgepartners.com/,2006-10-09,"电子商务,企业服务,医疗健康,教育,文体行业,传统文娱传媒,媒体",219,3,8,,奇想国文化,63,无,天使轮,其他,2015-07-30,CNY:5000000.00,CNY:6000000.0,CNY:5700000.00,CNY:5000000.00,无,"文化、体育和娱乐业,文化艺术业,其他文化艺术业","其他文化艺术业,文化、体育和娱乐业,文化艺术业","早教,图书出版,出版发行,儿童图书,学前教育",北京市朝阳区酒仙桥路14号31幢2层201室,北京市东城区方家胡同46号8幢E315室,儿童图书出版商,https://cloud.jingdata.com/#/insight/InsightOrg/167,https://cloud.jingdata.com/#/insight/InsightCompany/legal-ajnul9fsea
挚信资本,Trustbridge Partners,http://www.trustbridgepartners.com/,2006-10-09,"电子商务,企业服务,医疗健康,教育,文体行业,传统文娱传媒,媒体",219,3,8,,下厨房,95,无,B轮,媒体报道,2015-07-23,USD:30000000.00,USD:30000000.0,CNY:30000000.00,CNY:195000000.00,"集成电路,集成电路设计平台及配套IP库开发,节能环保,先进环保与资源化利用技术推广","科学研究和技术服务业,科技推广和应用服务业,技术推广服务,其他技术推广服务","节能环保,集成电路设计平台及配套IP库开发,先进环保与资源化利用技术推广,集成电路,生物医药产业,生物医药相关服务,环保研发与技术服务,新技术与创新创业服务,节能环保产业,生物产业,数字文化创意活动,其他数字文化创意活动,先进环保产业,数字创意产业,其他技术推广服务,相关服务业,其他技术推广服务,科技推广和应用服务业,技术推广服务,科学研究和技术服务业","美食社交,社区论坛,饮食指导,美食内容,消费生活,美食菜谱,烘焙",北京市海淀区黑泉路8号1幢康健宝盛广场A座3层3006-3008,北京市海淀区彰化路138号院1号楼7层746室,美食菜谱服务平台,https://cloud.jingdata.com/#/insight/InsightOrg/167,https://cloud.jingdata.com/#/insight/InsightCompany/legal-trj7tucavh
挚信资本,Trustbridge Partners,http://www.trustbridgepartners.com/,2006-10-09,"电子商务,企业服务,医疗健康,教育,文体行业,传统文娱传媒,媒体",219,3,8,,学霸君,24,无,B轮,媒体报道,2015-06-16,USD:50000000.00,CNY:6000000.0,CNY:6000000.00,CNY:1012500000.00,无,"信息传输、软件和信息技术服务业,软件和信息技术服务业,其他信息技术服务业,其他未列明信息技术服务业","软件和信息技术服务业,其他未列明信息技术服务业,其他信息技术服务业,信息传输、软件和信息技术服务业","软件开发,教育,K12,在线教育,AI教育,题库问答,拍照答题,互联网教育,AI行业应用,高新技术企业,知识问答,智能教学,人工智能,2020胡润中国瞪羚企业,2017年度中国独角兽企业榜单,2018年高新技术企业名单,国家高新企业,瞪羚获奖企业,2019中国独角兽榜单,2018年度中国独角兽企业榜单,独角兽企业",上海市杨浦区淞沪路433号805室,上海市杨浦区淞沪路433号805室,K12教育学习辅导软件研发商,https://cloud.jingdata.com/#/insight/InsightOrg/167,https://cloud.jingdata.com/#/insight/InsightCompany/legal-a93o23keu8
