name,category,author,type,info,update_time
万族之劫,都市,老鹰吃小鸡,完本,我是这诸天万族的劫！《全球高武》和《万族之劫》前五册实体书出版了，天猫、当当、京东都有售，喜欢的可以去看看，谢谢大家支持！,2021-02-02 20:23
大梦主,仙侠,忘语,连载,一个从小体弱多病的富商之子，在寻求续命之法时，意外走上了修仙登天之路！大唐盛世，天下安泰，风调雨顺，百姓安居。千年后世，魔物吞天，妖鬼横行，遍野哀鸣。西游再现，大圣斗天，天蓬下凡，卷帘重生。莫名的穿梭与轮回，虚实掩映，真幻交织！是预言中的梦境？还是尚未发生的现实？他能否打破命中注定的魔障，消弭还未发生的三界大劫，挽救苍生于水火？,2021-02-21 12:03
大奉打更人,仙侠,卖报小郎君,连载,《大奉打更人》实体书前三册已正式上架预售，天猫、京东、当当全平台发售。2020年12月3日，晚上8：12这个世界，有儒；有道；有佛；有妖；有术士。警校毕业的许七安幽幽醒来，发现自己身处牢狱之中，三日后流放边陲.....他起初的目的只是自保，顺便在这个没有人权的社会里当个富家翁悠闲度日。......多年后，许七安回首前尘，身后是早已逝去的敌人，以及累累白骨。滚滚长江东逝水，浪花淘尽英雄，是非成败转头空。青山依旧在，几度夕阳红。,2021-02-21 07:39
长夜余火,玄幻,爱潜水的乌贼,连载,灰土上所有人都相信，埋葬在危险和饥荒中的某个遗迹深处，有通往新世界的道路，只要能找到一把独特的钥匙，打开那扇门，就能进入新世界。在那里，大地是丰饶的，就像流淌着奶与蜜，阳光是灿烂的，似乎能洗去寒冷和阴晦。人们不用再面对荒芜、怪物、感染、畸变和各种危险的事物。在那里，孩子是快乐的，成人是幸福的，一切都是美好的。灰土上每一个古物学者、遗迹猎人和历史研究员都知道，这里就是新世界。,2021-02-21 12:30
全职艺术家,都市,我最白,连载,“音乐、影视、绘画、书法、雕塑、文学……”“你都懂？”“略知一二。”“都会一点的意思？”“嗯，都会亿点的意思。”怀揣系统，靠艺术征服世界，成为各界人士顶礼膜拜的无冕之王。,2021-02-20 22:18
白骨大圣,玄幻,咬火,连载,【均订过万玄幻精品！】【《白骨大圣》漫画改编版权已卖出！】死人沾地，老狗刨坟，阴人问路，吃活人饭，知道碰上其中一个意味着什么吗？「已有2万均订作品《这里有妖气》」「《这里有妖气》漫画改编版权已卖出」「《这里有妖气》漫画已上线，可在腾讯动漫、起点漫画、b站漫画阅读」V群验证群：609033668（需粉丝值大于2000）：书友①群：608548874；（已被祭天）书友②群：760859432；（少量空位）书友③群：633795166。（少量空位）,2021-02-20 23:59
轮回乐园,轻小说,那一只蚊子,连载,苏晓签订轮回契约，进入各个世界执行任务。他曾目睹一个世界崩灭为尘粒，也曾与被遗忘的王者持刃而战。暗鸦在低语，黑渊下巨兽咆哮。欢迎来到，轮回乐园……---------------本书动漫无限流，作者节操满满，请放心入坑。读者群：534789565二群：631919682三群：485381921VIP群：204920420（需粉丝值截图验证）,2021-02-21 09:15
我的徒弟都是大反派,玄幻,谋生任转蓬,连载,陆州一觉醒来成了世间最强大最老的魔头祖师爷，还有九个恶贯满盈，威震天下的徒弟。大徒弟幽冥教教主手下万千魔众，二徒弟剑魔一言不合就开杀戒……没了一身修为，如何调教这帮恶徒？大徒弟于正海：“老夫这一生所向披靡，除了师父他老人家，谁也别想骑我头上。”七徒弟司无涯：“师父不死，我等寝食难安啊！”……九徒弟鸢儿：“我一定会谨记师父的话，做个好人。”一群586414482，二群444133211，V群1059766128（需粉丝值大于2000）欢迎来聊天打屁。简介无力。请看内容吧。,2021-02-20 23:25
我真没想重生啊,都市,柳岸花又明,连载,万万没想到，社会精英、钻石单身汉的陈汉升居然重生了，一觉醒来变成了高三毕业生。十字路口的陈汉升也在犹豫，宝藏女孩沈幼楚和白月光萧容鱼，应该选择谁？已有精品作品《大时代1994》，验证群964657392（粉丝值500以上进群）。,2021-02-20 23:26
魔临,悬疑,纯洁滴小龙,连载,这个世界一直流传着一个传说：终有一日，魔王会降临于这个世界，魔王的麾下，有七尊恐怖的魔头，他们，将带给这个世界绝望的黑暗。《魔临》舵主群：893、107、381（需要验证）《魔临》樊力群：113、552、0983（无需验证）《魔临》实体书天猫、当当、京东全平台购买，中华商务图书专营店、锦瑟闻香图书专营店正在热售，感谢大家一直以来的支持！,2021-02-20 23:07
十方武圣,玄幻,滚开,连载,末日荒土，世宗三年，天下大乱，民不聊生。中央皇朝崩坏，各地群雄割据，门派独立。魔门妖党隐于暗处作乱，帮派相互征伐，混乱不堪。天灾连连，大旱，酷寒，暴雨，虫灾，人民苦苦挣扎，渴求希望与救赎。大乱之中，各门各派纷纷出世，争夺资源地盘，建立独属于自己的统治。有野心者试图席卷天下，建立王朝，也有大义者，意图挽救苍生，重建家园。肌肉，武道，仙法，一位位武道极限强者，在传说中获得了彷如仙佛名号。魏合持有能突破境界的破境珠，穿越乱世，一步步开创属于自己的传说。公共群：331453690。VIP群：231786531欢迎大家进去畅所欲言~,2021-02-20 17:01
黎明之剑,科幻,远瞳,连载,高文穿越了，但穿越的时候稍微出了点问题。在某个异界大陆上空飘了十几万年之后，他觉得自己可能需要一具身体才算是成为一个完整的穿越者，但他并没想到自己好不容易成功之后竟然还需要带着这具身体从棺材里爬出来，并且面对两个吓蒙了的曾曾曾曾……曾孙女。以及一个即将迎来纪元终结的世界。,2021-02-21 08:05
东晋北府一丘八,历史,指云笑天道1,连载,历史的车轮滚过波澜壮阔的三国时代，中原大地迎来了百年未遇的和平，人们都以为盛世即将来临，可谁都没想到，等来的却是一场汉人永远也不愿面对的千年恶梦。永嘉丧乱，中原大地，虎狼横行!华夏的儿女，在血泊中哀号。不甘为奴的汉人举族南下，在江东之地重建东晋，自祖逖起，百年来汉家军队六出江南，九伐中原，可惜功亏一篑，多少志士，徒望两京兴叹，巍巍青山，何处不埋忠骨？所幸天不亡汉族，还有刘寄奴，他会用一腔的热血，吼出这个时代的最强音：汉胡不两立，王业不偏安！欢迎随本书走进那段金戈铁马，气吞万里的年代。书友Q群号818116794(普群)，933794235（V群，需要起点粉丝值验证）,2021-02-21 08:00
绍宋,历史,榴弹怕水,连载,绍者，一曰继；二曰导。公元1127年，北宋灭亡。旋即，皇九子赵构在万众期待中于商丘登基，继承宋统，改元建炎。然而，三个月内，李纲罢相，陈东被杀，岳飞被驱逐出军，宗泽被遗弃东京，河北抗金布置被全面裁撤……经过这么多努力之后，满朝文武终于统一了思想，定下了拥护赵官家南下淮甸转扬州的辉煌抗金路线。不过刚一启程，在亳州明道宫参拜了道祖之后，这位赵官家便一头栽入了闻名天下的九龙井中，起来后就不认得自己心腹是谁了！朕要抗金！可朕的心腹都在何处？！这是一个来自于九百年后灵魂的真诚呐喊，他在无可奈何继承了大宋的名号后，更要将这个朝廷与天下导向一条新路。故称绍宋。,2021-02-21 13:32
神话版三国,历史,坟土荒草,连载,陈曦看着将一块数百斤巨石撇出去的士卒，无语望苍天，这真的是东汉末年？吕布单枪匹马凿穿万人部队，这怎么看都不科学。赵子龙真心龙魂附体了，一剑断山，这真的是人？典韦单人护着曹操杀出敌营，顺手宰了对面数千步骑，这战斗力爆表了吧！这是不是哪里有些不对啊，陈曦顺手摸了一把鹅毛扇挥了一下，狂风大作，叹了一口气，“这是神话吧，我自己都不正常了。”ps：其实这是一篇正经的种田文……QQ群：95010223（满了）全订验证群：949176942酱油群：397441818（快满了）二群：418928396（快满了）三群：371034966五群：966666635,2021-02-21 08:20
左道倾天,玄幻,风凌天下,连载,是非谁来判定，功过谁予置评？此生不想规矩，只求随心所欲。天机握在手中，看我飞扬跋扈。————我是左小多，我不走寻常路。VIP全订阅群号：971103262,2021-02-21 11:29
我只会拍烂片啊,都市,巫马行,连载,“你们信吗！我说，未来我们将创造一个时代，一个让好莱坞都颤抖的时代，那个时候……”那一年，燕影大学混吃等死，被辅导员称为老鼠屎的大四学渣喝醉酒对着兄弟们吹了这么一个牛逼，他本来以为也就吹牛逼，酒醒后大家该干嘛干嘛……但！一个星期后，当兄弟们砸锅卖铁建好剧组，并眼巴巴等待他拍摄以后……他慌了………………………………后来，在那一年之后……世界电影圈所有人心态炸裂了……,2021-02-21 12:27
亏成首富从游戏开始,游戏,青衫取醉,连载,近日，特约记者对腾达集团总裁裴谦做了专访。腾达集团目前估值已达千亿级别，业务涉及游戏、互联网、数码硬件、文化传媒、餐饮等多个领域，深刻地改变了人们生活的方方面面。而裴谦，也被视为“绝世好老板”、“不世出的投资奇才”、“天才游戏制作人”，拥有“无为而治的管理才能”和“对行业风向的精确洞察力”。面对记者，裴谦大吐苦水。“我真不是什么商业奇才啊！”“我的成功，完完全全都是运气使然！”“我最初的目标，只是想亏光五万块而已……”看，商业天才的人生就是这么的谦虚而又低调。书友群：1064135703（新群）893157567（已满）,2021-02-21 11:33
没钱上大学的我只能去屠龙了,轻小说,宇宙无敌水哥,连载,总之岁月漫长，然而值得等待。林年等了十六年，等到了卡塞尔之门的召唤，等来荒诞无稽、热血放纵的青春。,2021-02-21 00:14
禁区之狐,体育,林海听涛,连载,“胡莱先生，当今足坛像您这样只会进球的前锋生存空间越来越狭窄……但尽管如此，您还是取得了耀眼的成就，请问您的成功秘诀是什么呢？”在一个冬日的午后，胡莱向来自全世界的记者们展示他刚刚获得的至高荣誉，有记者向他提出了这样的问题。面对记者们投来的目光，胡莱的思绪却回到了中学时的那个下午，他孤独的站在球场旁边看其他同学踢比赛，他们不让他上场，觉得他是来捣乱的。他还想到了教练板着脸对他说的话：“胡莱，如果你不能付出十倍于别人的努力，你的天赋就只是毫无价值的石头而已。”以及一个不屑的声音：“现代足球对中锋的要求越来越高，越来越全面，你只会射门有什么用呢？”最后他的思绪定格于那时，夜幕已在东方的天空中若隐若现，在周边长满了荒草的废弃空地中央，有个女孩子很认真地对他说：“胡莱，你其实是有天赋的，而且是很厉害的天赋！因为你知道球门在哪里！”胡莱盯着女孩子的眼睛，从那双眼眸中看到了身后的夕阳。阳光映在瞳孔中，流动着，燃烧着，凝成一道光环，仿佛要把自己也融化在这光芒中一样。收回思绪的胡莱重新回到了这个暖和的冬日午后，面对兴致勃勃的记者们，他微微一笑：“因为我知道，球门就在那里。”,2021-02-21 08:00
掌门低调点,轻小说,幼儿园一把手,连载,掌门：“我不要。”--【NPC流，曾用名《听说你很拽啊》】【已有一本均订两万作品，两本均订破万作品。读者1群:1138057505（2000人已满）读者2群:693375110（还有空位）】,2021-02-20 20:07
红楼春,历史,屋外风吹凉,连载,隆安五年，二世为人的贾蔷为保清白身，从虎狼之巢宁国府夺命而逃，自此，一名万年工科单身狗，迎来了他在红楼世界的春天……群号：舵主一群：三七九，三零三，零七六（已满）舵主二群：七二九，八二一，六零五（已满）舵主三群：一零六，一八八，零七八零普群：一一三，五五七，五三零二,2021-02-21 14:00
赘婿,历史,愤怒的香蕉,连载,武朝末年，岁月峥嵘，天下纷乱，金辽相抗，局势动荡，百年屈辱，终于望见结束的第一缕曙光，天祚帝、完颜阿骨打、吴乞买，成吉思汗铁木真、札木合、赤老温、木华黎、博尔忽、博尔术、秦桧、岳飞、李纲、种师道、唐恪、吴敏、耿南仲、张邦昌，忠臣与奸臣的较量，英雄与枭雄的博弈，胡虏南下，百万铁骑叩雁门，江山沦陷，生灵涂炭，一个国家与民族百年的屈辱与抗争，先行者的哭泣、呐喊与悲怆……而在这之前一点点，江宁城中，暗流涌动，一个商贾家毫不起眼的小小赘婿，正在很没责任感地过着他那只想吃东西、看表演的悠闲人生…………郭麒麟、宋轶主演热播影视剧同名原著。,2021-02-19 20:55
精灵掌门人,轻小说,轻泉流响,连载,为什么考试会有精灵对战，为什么出门会被精灵袭击，谁告诉我地球发生了什么……不要碰我！我不要吃药，我没疯！接受了设定后……方缘立志成为一名优秀的训练家。“真香。”————————进入V群需全订验证，先加验证群273081875，找管理员验证后进v群。,2021-02-20 23:00
稳住别浪,都市,跳舞,连载,天堂打烊，地狱满员。所以，我留在人间当祸害呀……,2021-02-20 23:36
我在东京教剑道,轻小说,范马加藤惠,连载,穿越到了1980年的东京葛氏区，继承了道场，父母双亡，有妹有房，但是存款快见底了，学生没有，怎么办，急，在线等。算了，不管了，快乐就完事了。面对疾风吧！,2021-02-20 23:57
临渊行,玄幻,宅猪,连载,&lt;本书已出版，各大网上平台及新华书店有售&gt;苏云怎么也没有想到，自己生活了十几年的天门镇，只有自己是人。他更没有想到天门镇外，方圆百里，是鼎鼎有名的无人区。少年睁开眼睛时，想象中的世界崩塌了，妖魔鬼怪横行的现实呈现在他的面前。临渊行。黑夜中临深渊而行，须得打起精神，如履薄冰！书友群群号，978862507（已满）书友二群，713432268；订阅群，1037358191（有验证）,2021-02-21 12:22
在港综成为传说,科幻,凤嘲凰,连载,梦醒港岛，廖文杰发现自己成了重案组之虎曹达华的远房侄子。习武、修道、抓鬼、降妖，踏不平之事；武道、仙道、法宝、神通，尽归于手。食神之夜，他踏空而行，迎面白衣，道：“我有一技，还请菩萨不吝赐教！”,2021-02-20 23:57
明天下,历史,孑与2,完本,明末的历史纷乱混杂，堪称是一段由一些有着强大个人魅力的人书写成的历史。不论是李自成，还是张献忠这些叛逆者，还是崇祯，袁崇焕，这些当权者，亦或是吴三桂，耿精忠这些背叛者，每个人身上都有很多的故事，就是因为有了这些精彩的故事，明末的历史才变得大气起磅礴，波澜起伏。想要把这一段历史写好，自然要描绘出一个个活生生的人物，不论他的立场如何，我们站在历史长河的边缘上旁观，他们不过是这条长河里的一朵浪花。冷眼看世界，就是我们目前需要做的事情，冷眼看历史也是我们目前生活的一种追求。历史长河已经流淌到了我们的脚下，我们大可站在河边，准备迎接我们的历史。,2021-01-10 22:10
旧日之箓,玄幻,熊狼狗,连载,帝王一心只求长生逍遥，妖魔化人操弄江山社稷。这个世界获得权力最快的办法，便是抓住权贵们脖子上的缰绳。而权贵们最为害怕的力量，便是那些隐藏在黑暗中的妖，那些防不胜防的魔。--第二版简介：本以为自己是穿越到了古代，楚齐光正想着怎么发家致富……却突然发现隔壁县发生了尸变案，观里的道士正在降妖除魔，就连村里的野猫都开口说话了。正想着要不要开始斩妖除魔，却发现自己不知不觉间正成为最恐怖的大妖。,2021-02-21 06:39
港综世界大枭雄,科幻,萌俊,连载,他叫庄世楷，是探长！也是一哥！从70年代的探长，到80年代的署长，再到90年代的首位华人处长。有人叫他庄先生，有人叫他庄处长，最后《时代周刊》称他为“跨越世纪的枭雄”。......“叮，发布任务：击毙伍世豪！”手腕上的大金劳泛起一抹闪光，又要开始搞事了。本书为电影世界题材，如有雷同，纯属故意碰瓷。读者群新界总区：1093329759,2021-02-21 16:06
烂柯棋缘,仙侠,真费事,连载,烂柯旁棋局落叶，老树间对弈无人兴所致天元一子，再回首山海苍茫……一觉醒来，计缘成了一个破旧山神庙中的半瞎乞丐。真人一柄剑，神棍一张嘴，就是计缘在这个可怕的世界安身立足的根本。————普群号：563767909VIP验证群号：1071336169（需要全订截图）,2021-02-21 01:57
玩家凶猛,科幻,黑灯夏火,连载,这是超越维度的真实游戏，这是诸天万界的激烈竞争，波澜壮阔的史诗神话，离奇曲折的异界幻想，玩家凶猛！（v群738794843，需全订）,2021-02-20 23:58
我加载了恋爱游戏,轻小说,掠过的乌鸦,连载,【滴......滴......】【系统激活，游戏开始】【玩家完成攻略，可获得积分奖励】【攻略对象必须达到系统认可标准（详情请点击附则）】【完成临时活动，可购买额外特殊商品，鼓励玩家积极参加】【面板......已激活】【商城......已激活】【加载完成，祝您游戏愉快】【合理安排时间，注意自我保护；谨防上当受骗，真心实意交友；......远离柴刀（涂黑）】,2021-02-21 02:54
九星之主,科幻,育,连载,寒星映戟月照弓，龙雀辚辚雪夜惊。半纸功名千山外，银花火树故乡中。“我，荣陶陶，总有一天，会成为那九颗星辰的主人。”那一年，一个背着小书包、头顶天然卷、手持方天画戟的少年，在天台上如是说道。...普群：531163941V群：872611742（需全订粉丝值）轻松搞笑，欢迎入坑。已有四百万字完本作品《九星毒奶》，欢迎各位阅读。,2021-02-21 12:30
朕只是一个演员,都市,平层,完本,岳关，被誉为缔造了中华上下五千年的男人。一统八荒的秦始皇，开疆拓土的汉武帝，军略无双的唐太宗，极限翻盘的明成祖，甚至，还有神话时代的商纣王。中华上下五千年，没有岳关演不了的皇帝，他创造了无数经典的帝王荧幕形象，经典到很多人直接尊称他为陛下。对此，岳关一直很谦虚：朕只是个演员。,2021-02-09 00:02
御九天,仙侠,骷髅精灵,连载,王峰创造了一款游戏“御九天”，在即将功成名就，走向人生巅峰的时候，穿越到了“九天世界”。可是穿越必备的辅助系统呢？不是高富帅也就罢了，毕竟王家兄弟是个有才华的人，可，地牢小皮鞭开局是什么鬼？无外挂，不穿越，面对来自灵魂的拷问，三观奇正的老王开始了人生的第二次奋斗。兄弟们，老王又回来了！,2021-02-21 00:09
天启预报,奇幻,风月,连载,“我想要挨一顿毒打……”——灾厄之剑、旧世界守墓人、调律师、最后的天国捍卫者、二十四个毁灭因素之一、淮海路小佩奇、深渊烈日、最终的地狱之王：槐诗。.某一天，穷困潦倒的槐诗忽然发现自己捡来的金手指终于能用了……只不过，这似乎并不是一件好事。为了赚钱和苟命，他一不小心踏入了这个危险世界。现境之外的边境，日常之后的异常。天文会，绿日、黄金黎明、存世余孽与诸界天敌……究竟是生存还是灭亡？这是个问题。那么，就在这一万零一种拯救世界的方法中，选一个通往HAPPYEND的方向吧。——————VIP读者群：718703105(存续院一号实验室)，入群之后发粉丝值（需全订）召唤管理，可进入V群。,2021-02-19 18:56
剑卒过河,仙侠,惰堕,连载,小人物，也有大成就！一卒过河，有进无退！一剑在手，再铸辉煌！本书vip群号：964227244。官方群号：853336118,2021-02-21 12:01
沧元图,玄幻,我吃西红柿,连载,番茄的第十本小说。————我叫孟川，今年十五岁，是东宁府“镜湖道院”的当代大师兄。,2021-02-21 05:19
大唐扫把星,历史,迪巴拉爵士,连载,他穿越在即将被村民们活埋的那一刻，自爆……不，自救成功。他只想在这个时代混吃等死，可……那女人太疯狂了。……书友群：624065836，群名：大唐扫把星。若是全订，进去后可联系群主，验证进全订群。,2021-02-21 12:00
神秘复苏,仙侠,佛前献花,连载,“我叫杨间，当你看到这句话的时候我已经死了......”一张诡异的羊皮卷，一只窥视黑暗的眼睛，这是一个活下来的人经历的故事。——————群1：308819045群2：917949140群3：296073284群4：290129301全订群：1160178737（重建）,2021-02-20 21:07
怪物被杀就会死,轻小说,阴天神隐,连载,——异于常人者，即为怪物——天生就是超能者，所到之处百鬼退避，捏碎骨头就和捏碎奶油饼干一样没有区别。太过特殊，其实不是什么好事，为了在这看似平凡的世界中寻找同类，苏昼十年来一路奔波寻觅，却都一无所获……直到灵气复苏突然的到来，为他拉开了一个广袤浩瀚的时代大幕。期待改变，期待超凡，苏昼并不希望看着这个世界燃烧，但他渴望世界变得热闹起来。千里独行，诸界漫步。路见不平，拔刀相助。即便在这充斥着怪物，邪魔与无数妖魔鬼怪的世界中，在这濒临破碎，处于毁灭前夕的多元宇宙内，也无需退缩恐惧，无需迷茫困惑，仍要怀着一颗渴求正义，追求正确的心。毕竟，正如同那人尽皆知的废话，‘人被杀，就会死’一样。怪物被杀，也会死。普群：429408755，无要求===vip群：817993941，舵主1w2粉丝值标准===PS：已有460w字完本精品小说《燃钢之魂》，可收藏。,2021-02-20 07:33
我不可能是剑神,仙侠,裴不了,连载,【无敌流】【十里坡剑神】【无厘头】……李楚穿越到十里坡，成为了一名小道士。在这个神鬼横行、妖魔肆虐的世界，弱小无助的他本想在十里坡苟活一世。直到有一天，不得已踏入江湖，他才发现……原来世上没有什么是一剑解决不了的。如果有。那就两剑。,2021-02-20 23:57
我的1978小农庄,都市,名窑,连载,QQ群号:1102731606远离城市喧嚣的小山村开起了一个小农庄这里有七八年十多块一瓶的茅台，有七八块的五粮液有机菜，有机鱼虾，有机煮羊肉，绿色环保味道好。本是中年离异失败男，转身成了悠闲农庄主。山村小农庄，名声远播。拖鞋汗衫芭蕉扇，晃晃悠悠一整天。&amp;ldquo;订餐，没的问题，排队&amp;rdquo;一天一桌看心情，优哉游哉小日子。李栋摸摸挂在胸口小物件，充满能量了，该去1978年进货了，一个2018年的中年男子，穿越四十年带货的故事,2021-02-21 13:31
我真没想当训练家啊,轻小说,北川南海,连载,现在站在你面前的是——得文公司董事会、彩虹火箭队缔造者、逆属性大师、世界锦标赛冠军……传奇训练家陆野，回忆起首次直播时的场景，喟然长叹。“说起来你们可能不信，我最初的愿望只是破十万订阅露个脸而已。”“我只想恰点钱，从一名游戏区UP主做起。”“我真没想当训练家啊！”本书又名：《青春期训练家不会梦见神奥冠军》、《竹兰大小姐想让我告白》、《成为世界冠军从主播开始》……【融合世界观，平行世界+动画、游戏设定+特别篇】关键词：精灵宝可梦、口袋妖怪、神奇宝贝、宠物小精灵、特别篇,2021-02-20 22:12
我只想自力更生,都市,中秋月明,连载,本书又名《我真是个拆二代》赵德柱重生了。他不知道炒国库券，不知道炒股票，不记得中奖彩票号，也不懂怎么做生意赚钱……他只有一个念头：我要自力更生！再也不做那个混吃等死的……拆二代书友新群:1083657061，欢迎吹水V群1158160683不喜欢追更的，可以先看完本美术职业文《大美时代》、佣兵枪战文《我是个么得感情的杀手》,2021-02-21 07:02
大数据修仙,仙侠,陈风笑,连载,冯君身为985的双学位，毕业就失业了，在都市中艰难打拼，偏偏还放不下架子，他的处境可想而知。直到有一天，他和手机被雷劈了，猛然发现，原来自己可以化身数据，进入app中。化身数据进入app中能做什么？能做的太多了，尽情想像吧……慢着，手机银行的存款？住手，那个不能乱改！当然，这并不仅仅是全部，然后他还发现，自己居然可以自由进入仙侠位面……让我们跟随冯君，踏上奇妙的修仙之旅，“落花时节又逢君”，这话可不是白说的……,2021-02-20 20:52
重生过去震八方,都市,锋临天下,连载,一场意外，让一名四十岁的中年人重生在一名八岁的孩子身上，开始了他风骚的人生。,2021-02-21 12:27
我真的只是想打铁,体育,静悄悄地写,连载,90年代，正当大卫-斯特恩一脸焦虑地站在大天朝电视台门外，看着自己手中的NBA录像带，寻思着怎么来打开潜力无穷的中国市场时，他万万没想到.......原来向上帝许愿，还真TM有用！“铁影”、“北方神”、“NBA篮框之笑容保护者”、“不是后仰从不投”、“一手跳投美如画”......当拥有以上绰号的苏枫横空出世，未来许多人的青春，在这一刻开始了！“啊呸！这帮黑粉到底有完没完！劳资的绰号明明是‘弑神者’！”看着报纸，苏枫愤愤不平地说道。弑是弑神的弑，者是弑神者的者，至于神？90年代的NBA，能有几位神？普通群群号：484028022VIP全订群：老书全订读者在普通群私聊管理,2021-02-20 14:38
赛博英雄传,科幻,吾道长不孤,连载,什么是武？武功无关琴棋书画，无关宝物秘籍，也没那么多天下第一。武功是技术，一种让弱者窥得机会向强者挥刀的技术。什么是侠？侠义不是风花雪月，不是传统文化，没什么温良恭俭可言。侠义是暴力，是被逼上梁山者为暴君打造的刺刀。曹沫盟柯，返鲁侵地。专诸进炙，定吴篡位。彰弟哭市，报主涂厕。刎颈申冤，操袖行事。暴秦夺魄，懦夫增气。这是一个武侠的故事。30年代，几个志同道合的年轻人走到一起，为了改变世界而努力。然后，二百年后，某个垃圾填埋场内，当初重开天地自成体系的赛博武道初祖向山，却在失去了一切记忆体的情况下，念着仇敌的名字醒了过来。“或许就是因为当初我输了，所以世界才会变成这个样子……”“那么这一次，我再不会败！”这是一个人，再一次改变世界的故事！,2021-02-21 07:14
圣墟,玄幻,辰东,连载,在破败中崛起，在寂灭中复苏。沧海成尘，雷电枯竭，那一缕幽雾又一次临近大地，世间的枷锁被打开了，一个全新的世界就此揭开神秘的一角……,2021-02-11 00:43
诡异流修仙游戏,游戏,我也很绝望,连载,一款独特的修仙游戏开服，玩家纷纷涌入游戏。方月就是其中之一。但很快，他发现这游戏处处透着诡异，难度极高。初期大量玩家被劝退，方月却留了下来并发现，这个游戏不简单！3个月后，诡异降临现实，游戏数据与现实同步。所有人恐慌了，这些被劝退的玩家突然纷纷回归，伴随的还有全球的玩家，全体涌入《蓝海》。只是当他们重新起步，被诡异乱杀的时候，却发现游戏里的老玩家和他们画风不一样。方月：大胆诡异，一眼就看出你不是人！方月：诡异，我要你助我修行！方月：诡异，我允许你逃了吗？大威天龙！……书友群：942，610，172。vip书友群：293，180，820。（粉丝值5000，可申请入群）老书《这个游戏不简单》400w字，质量保证。,2021-02-20 11:47
大周仙吏,仙侠,荣小荣,连载,穿越妖魅横生，群魔乱舞的仙侠世界，李慕开始真的只想苟活，可他无意中救了的小狐狸忽然口吐人言，说要以身相许……这是一个现代青年穿越仙侠世界，斩妖除魔，匡扶正义的故事。读者群：201688857。,2021-02-21 00:04
芝加哥1990,轻小说,齐可休,连载,穿越、90年代、芝加哥、美娱、作曲、编剧、制片、传媒集团,2021-02-21 05:43
梦回大明春,历史,王梓钧,连载,穿越到大明朝，考科举是黑户，想读书又没老师。好在隔壁就是流放王阳明的龙场驿，不过还得等几年，那就先抢一个老师回家凑合着学吧。,2021-02-20 23:35
文明之万界领主,游戏,飞翔de懒猫,连载,正享受这高三最后一个暑假的准大学生罗辑，在接受了游戏好友的邀请，成为‘文明崛起’这个游戏的玩家之后，他整个人生在这一刻发生了翻天覆地的变化。这是一场世界与世界的战争游戏，更是一场文明与文明的激烈碰撞！吞并五大洲，席卷三大洋，且看罗辑如何率领着他的子民，在这强敌环视，群雄争霸的文明战场上杀出一条通往最强帝国文明的血路！书友群307696800VIP书友群922218792（要求粉丝值一万以上）,2021-02-21 11:31
信息全知者,都市,魔性沧月,连载,所见能知道一切已发生之事，所闻能看穿世人诡谲人心，所感能知晓他人隐藏在记忆深处的秘密。知道的越多，越不幸福，仰望星空，黄极感受着来自整个宇宙的恶意，以及人类的绝境。仅仅只是地球乡村小农民的他，不得不感慨：“我知道的太多了。”无论是科技还是神话，亦或者宇宙隐藏的bug……皆逃不过信息的感知。面对人类被高等文明圈养而不自知的无解困局，黄极只能跟外星人比一比，谁知道的更多了！,2021-02-21 04:09
只想退休的我被迫成了大将,轻小说,咸鱼军头,连载,大海贼时代。大海风起云涌，强者毁天灭地，各自厮杀，实在是让人——提不起劲！我，鲁西鲁·库洛，二十四岁，最大的梦想：安全的过完这一生！,2021-02-20 23:46
朕又不想当皇帝,历史,争斤论两花花帽,连载,重活一回，本想安安稳稳过一生，奈何都想逼着他做皇帝.......,2021-02-20 23:25
颠覆了这是皇帝聊天群,都市,黑血粉,连载,唐太宗是千古一帝吗？商纣王是上古暴君吗？谁才是秦皇之下第一人？是雄才大略的汉武帝吗？且看一代杠精，陈通如何在皇帝聊天群中，拨开历史的迷雾，从不同的角度看待帝王的千古功业。这是一场颠覆历史，颠覆三观的旅程。来看一看炎黄先祖真正的智慧！,2021-02-20 22:14
数风流人物,历史,瑞根,连载,瑞根晚明+红楼半架空历史官场养成文，绝对够味！大周永隆二年。盛世隐忧。四王八公鲜花着锦，文臣武将烈火烹油。内有南北文武党争不休，外有九边海疆虏寇虎视。这是一个最好的时代，也是一个最坏的时代。关键在于你身处其中时，该如何把握。勇猛精进，志愿无倦，且看我如何定风流，挽天倾！历史官场养成文，兄弟们请多支持。瑞根铁杆书友群：581470234,2021-02-21 10:19
从火影开始做幕后黑手,轻小说,浓墨浇书,连载,(死神篇预告）现世。死神和虚的战场上。一个叫上原奈落的少年死神满脸沮丧：“抱歉，蓝染队长，我果然还是太懦弱了…”“这不是懦弱。”蓝染惣右介微笑着摇了摇头，拍了拍少年死神的肩膀，开口夸奖道：“这是善良，善良是一种值得夸赞的高尚品格。”——————(骨王篇）纳萨力克大坟墓。安兹乌尔恭公会的人集聚在这里，他们要在游戏关服的最后时间，进行着最后一次公会活动。飞鼠看着自己的朋友，沉声道：“塔其·米，拜托你用戒指把上原奈落召唤过来吧！我们来推倒这个游戏最强的世界BOSS！这个游戏关闭以后，上原奈落的好感度对我们也没有用了…”——————（海贼篇，完）那一年，巴洛克工作社招新，社长七武海克洛克达尔叼着烟斗，满意地看着其中的几张简历。其中一张简历上贴着一个笑得很和善的青年。他叫上原奈落。——————（火影篇，完）木叶历56年，晓组织多了两个成员，其中一个叫宇智波鼬，另一个叫上原奈落。他，是个影帝。他，是个挂比。,2021-02-20 23:36
开局签到如来神掌,玄幻,回到原初,连载,苏秦穿越到武者横行的大世界，这里蒙元国师力压天下，九阳传人拳镇山河，小李飞刀刀碎虚空。苏秦因毫无武道资质，只能成为少林寺藏经阁的一位扫地僧，这个时候，签到系统激活了。在佛祖金身前签到，获得【如来神掌】。在罗汉堂前签到，获得【金刚不坏神功】。在少林寺后山签到，获得【魔佛金身】。...少林寺处处是宝藏，遍地可签到。苏秦抱着不将少林寺签到完绝不出山的想法，足足在少林寺签到了二十年。二十年后，正魔大战，少林寺卷入其中。魔道妖人悍然攻入少林寺，一路杀到藏经阁前，凶威滔天，直到遇见了正在扫地的苏秦.........PS：本书无敌文......,2021-02-20 23:57
小阁老,历史,三戒大师,连载,站在你面前的是：大明王朝的守护者，万历皇帝的亲密战友，内阁首辅的好儿子，十六、十七世纪全球首富。控制吏部三十年的幕后黑手，宗藩制度的掘墓人，东林党口中的严世藩第二，张居正高呼不可战胜。海瑞的知己，徐渭的东家，利玛窦的剃度人，徐光启等六位状元的授业恩师。大明诗坛遮羞布，七百余种各学科书籍撰写者，两千七百余项专利的发明人，现代大学与科学的奠基者。海外汉人的保护神，新航路的开辟者，大洋秩序的维持者，全球大型工程的承包商。祸乱欧洲的罪魁祸首，德川家康的义父，塞巴斯蒂安的拯救者，一心为民的小阁老。小阁老书友群：56471661,2021-02-21 01:11
从1983开始,都市,睡觉会变白,完本,一个有点怀旧的故事。……………………书友群旧群已满，新群：8876-28-702,2021-02-01 00:07
柯南之我不是蛇精病,轻小说,烟火酒颂,连载,穿越名侦探柯南的世界，池非迟被送进了医院。周二。医生：“明天周几？”池非迟：“周三。”医生：“咳，明天周五。”池非迟：“……”8月21日。医生：“明天几月几日？”池非迟：“8月22日。”医生：“咳，明天1月1日。”池非迟：“……”当所有人都认为混乱的时间是正确的，而其中一人无法正确辩识并融入其中，那这个人就是异类，就是病人！一入病院深似海，此生痊愈不可能。池非迟深吸一口气：“老！子！不！干！了！”读者群：756660924vip群：443075892,2021-02-21 11:33
新书,历史,七月新番,连载,新朝末年，王莽改制失败，天下将乱，赤眉绿林义旗高举，刘秀兄弟志在复汉。重生于这样一个时代，当如何？新室已朽，不破不立，唯有来者，大笔书之！PS：这是关于穿越者大战位面之子的故事。V群：496717165。普群：1021675508。,2021-02-21 13:26
诡秘之主,玄幻,爱潜水的乌贼,完本,蒸汽与机械的浪潮中，谁能触及非凡？历史和黑暗的迷雾里，又是谁在耳语？我从诡秘中醒来，睁眼看见这个世界：枪械，大炮，巨舰，飞空艇，差分机；魔药，占卜，诅咒，倒吊人，封印物……光明依旧照耀，神秘从未远离，这是一段“愚者”的传说。,2020-11-16 14:08
从红月开始,科幻,黑山老鬼,连载,红月亮出现在天上的那一刻开始，全世界的人都成了疯子。除了我！,2021-02-21 11:52
唐朝贵公子,历史,上山打老虎额,连载,贞观三年。此时李世民已擦拭了玄武门的血迹，雄才大略，气吞山河。此时一代名相马周还在给人喂马，蛰伏于市井，等待着宏图大展。此时公主殿下们初成年，豆蔻年华，情窦初开。此时一代骁将和名臣们，开始了他们的故事。也在此时，陈正泰来到了这个世界，他经历了懵然，随即纵身跃入这无数王侯将相掀起高浪的历史长河，故事从这贞观三年开始……,2021-02-19 19:49
孙猴子是我师弟,玄幻,汉宝,连载,孙悟空：师兄教我法术。金肆：教你一招尾兽玉，来，张嘴菩提老祖：你弄一头小狐狸回来做什么？金肆：我看看它有没有培养成狐狸精的潜质。,2021-02-21 12:01
我快亏成麻瓜了,游戏,江公子阿宝,连载,我是一个从哈利波特世界穿越来的巫师，说好了把钱花完就放我回家。一不小心，投资了《小战狼》《小哪吒》《小破球》……一不小心，猫厂横空出世，成了最大的互联网公司；一不小心，把国内的芯片技术推到了2nm，随便你米果怎么制裁都没用；一不小心，招聘了一群背刺狂，我亏着亏着……就亏成了世界首富。我真是太难了，这些钱再花不掉，我就要留下来找人生猴子了。VIP书友群：439140772（进群需全订或两千粉丝值）,2021-02-20 21:50
世界树的游戏,轻小说,咯嘣,连载,“虚拟现实游戏”《精灵国度》中人气最高的NPC，世界树的化身，自然之母，生命女神，精灵主宰——伊芙·尤克特拉希尔高坐在自己的神座上，微笑地看着台下的玩家们：“欢迎来到剑与魔法的世界。”这是一个重生成真神的穿越者携第四天灾在异世界共创美好生活的故事（迫真）……PS：伪/非DND，幕后玩家流，主角单身《世界树的游戏》书友群：674四七四458,2021-02-20 23:40
最初进化,玄幻,卷土,连载,本书QQ交流群：153340812最意外的诡异宿命，最激烈的脑力碰撞，最残酷的生死战斗，最疯狂的奇异幻想，最离奇的事实真相......最初已至，再战十年！,2021-02-21 00:16
有请小师叔,玄幻,横扫天涯,连载,镇仙宗，宗主等多位高层突然陨落，门派陷入了混乱。为了恢复安定，避免覆灭，无奈之下，只好请一直在禁地修炼的小师叔出山。这位小师叔，只有18岁，而且，看起来一点修为都没有，就在所有人绝望之时，突然发现，他随手一剑，大陆最顶尖的强者，都抵挡不住；随手炼丹，九品丹师，甘愿成为弟子；随手救人，都是无数典籍不能记载的绝世医术……此刻，他们才明白，这位看起来一点修为都没有的小师叔，竟然是一位天地认可的圣人！苏隐：想低调，就这么难吗？已完本《天道图书馆》、《无尽丹田》、《造化图》等。,2021-02-20 19:00
金刚不坏大寨主,武侠,徍男,连载,内练一口九阳气，外练一身金刚骨，金背九环刀在手，挥手间滚滚头颅落地。大寨主江大力雄壮之极的身躯静坐在雕花梨木大椅上，虎皮大衣下满是鼓凸强健的肌肉，坚硬，霸道，浑身充满刚猛强横的力量感。他眼神冷峻从容，注视着周边两侧新招收的玩家。各种阿谀奉承之言，从这些韭菜口中不绝于耳传来。“大寨主威武神勇，刀枪不入铁掌无敌，求大寨主传授小的武艺！”“大寨主，敏感肌能练铁布衫吗？”“老弟，骚话少说，大寨主可是出了名的心狠手辣。”一名刚从城隍庙复活过来的玩家哭丧着脸，“像我，初听不知话中意，再听已是刀下魂。大寨主说一不二，每次提问再问第二遍就送人上路，我已经无FK可说。”简介凑合看，总之就是个猛练肌肉提大刀的猛人闯荡江湖综武的那些事儿，无女主，霸道果决，铁打的大BOSS，流水的玩家.....,2021-02-21 15:32
穹顶之上,都市,人间武库,连载,下半部简介：【穹顶之上，吾命之征】1，这是天顶战争后的世界：大尖退守南极，世界暂时恢复安宁，蔚蓝启动了全面征兵，人类生活在蜕变，源能科技大爆炸。韩青禹回到封龙岙，一觉醒来……2，在一个光与暗切割的世界里，你看到浩荡人群的背影，背负战刀平静从光影走向黑暗。然后，黑暗里开始有星辰闪耀。这个世界，那些星辰，永远在……,2021-02-03 03:45
斯坦索姆神豪,游戏,余云飞,连载,父慈子孝二傻子；万年绿帽一粒蛋。二刀流龙瓦里安；无尽船王吉安娜。或许你们不信，其实以上黑霉龟都是麦当肯的败家对象而已。败家的日子，就是这么枯燥无味，人生总是要有点追求的，当法神之路在前面打开时……等等！是谁告诉我天赋是1点【光亮术】，然后全点【冲锋】、【狂暴】、【泰坦之握】的？还有……谁把沙雕玩家放进来的！？-------------老牌作者，著有《暴风法神》等多套精品小说，完本保证。此外读者群：551430919，欢迎来灌水,2021-02-21 02:23
从姑获鸟开始,科幻,活儿该,连载,身如鸿毛，命如野草。见过最黑的夜，所以心中炽烈明亮的火焰，从不动摇。,2021-02-04 08:00
户外直播间,都市,昙花落,连载,开局一座破道观，获得户外直播系统，于是，他开直播，采灵芝，养鹰隼，秀操作，等他回头，他才发现全世界都在关注着他。参加《向往的生活》，观众：“这主播是在修仙？？”参加《跟着贝爷去冒险》，粉丝：“这不叫冒险，这是度假！”后来有记者采访他：“粉丝都说你会武功，请问是真的吗？”“我哪会什么武功。”说着，一只红色的小鸟飞过，他从十几米的高台一个跃起就跳了下去……（书友群689581414，欢迎大家进来闲聊。）,2021-02-21 12:01
玄浑道章,仙侠,误道者,连载,在这个神怪遍地的世界经历了第六个纪元之后，煌煌天夏降临了！…………玄浑道章书友群：【762873632】玄浑道章•造化之界：【526275426】玄浑道章VIP书友群：【615387042】…………,2021-02-21 14:43
我在决斗都市玩卡牌,轻小说,名称被占用,连载,在完全潜入式集换卡牌游戏《游戏王：链接世界》中创建小号的苏羽，莫名其妙穿越去了游戏世界，甚至自带NPC模板。时间回到了游戏开服之前，玩家还有一个月降临，无名的法老王还沉眠在高中生武藤游戏的体内，具有跨时代意义的大赛决斗都市也还未启动。当游戏正式开服，玩家登陆，发现游戏中多出了个原作中没有的全新NPC。苏羽：那边的玩家要不要来抽卡包啊？五十一包，五百十连，价格公道，童叟无欺！玩家们目光直勾勾地盯着商品列表里被标记为UR的强欲之壶，一个个目光灼热，脑海里不约而同冒出了相同的念头————只要抽到那张卡！,2021-02-21 12:36
这是我的星球,仙侠,姬叉,连载,随性观测，寻求本心之路。多宇宙文明的碰撞主题，少量的游戏都市时间。请不要用战神归来仙帝重生的打开方式，别再问为什么不杀人搜魂、不神念全知、不毁天灭地、不一章完本了。,2021-02-21 14:45
法爷永远是你大爷,游戏,翔炎,连载,明明说是潜行式虚拟游戏，却是一个有灵魂的世界。明明法师是前期最弱的职业，但成长起来的主角，却能压着其它职业打。明明是游戏，但成为了大魔法师后，主角却在现实中，也能用咒语凭空搓出了小火苗。这游戏是什么鬼！,2021-02-21 00:37
女帝背后的男人,轻小说,我吃杏子,连载,现代都市的职场新人，吴琼。大周皇朝新登基的女帝，武稚。当两个时空的职场男和女帝，开始每隔一天，互换一次身体之后。“今晚……今晚你还有空吗？”看着面前紧咬嘴唇，微微脸红的美女，吴琼一脸懵逼。【武稚！你用我身体做了什么！】…………“陛下！您怒斥匈奴使臣的模样，虽令臣等佩服，但、但女色误国啊！”看着面前跪了一地的大臣们，武稚也是一脸懵逼。【吴琼！你用我身体做了什么！】本书又名《你用我的身体都干了什么？》《你的职场，不，是你的帝国》《真不是我泡的你们》《把狗栓起来撑死》,2021-02-20 23:59
妖女哪里逃,仙侠,开荒,连载,李轩穿越之后，是抱着窃喜的心情，成为诚意伯府的次子，以及一位光荣的六道伏魔人的。可他的官二代生涯才不过十天，就有暴力的女上司，超凶的女鬼，恶毒的妖女接踵而来。置身漩涡中的李轩表示他一点都不慌，数年之后，他立于长江之上，一刀挥下，霎时封冻千里山河。妖女哪里逃，吃我一剑！,2021-02-21 12:00
我家老婆来自一千年前,都市,花还没开,连载,“我想回家。”“你可能回不去了。”“为什么？”“因为这里离你家很远。”“有多远？”“一千二百多年那么远。”许青看着眼前来自唐朝的少女，脸上带有一丝同情：“你所熟悉的一切，都已经变成历史。”亲朋，好友，敌人，全部沉寂在一千二百年前。———日常文，单女主（已有完本精品，质量保证。）,2021-02-20 21:11
妖魔哪里走,仙侠,全金属弹壳,连载,人道式微，诡道猖獗。百鬼夜行，苍生太苦。我王七麟愿以一柄斩鬼刀，于妖魔环伺之中为我人族杀出一条阳关大道！QQ群号：853332369，大家有喜欢聊天水群的，一起来。,2021-02-20 20:34
太乙,仙侠,雾外江山,连载,奠玉群仙座，焚香太乙宫。……两个宇宙的对撞吞噬，胜负的关键时刻，叶江川来到了这里。穿越到此，他时常能够来到一间变化万千的小酒馆。这个酒馆似乎有无穷的形态，时而是古代东方酒肆、时而是现代都市酒吧、时而是未来机械酒馆……侠客、矮人、恶鬼、机械生命……叶江川在这里见过许多不同生命形态的过客，直到那天，他遇到了一位牵着青牛的耄耋老者！奇迹卡牌，混沌道棋。秘宝、血脉、神通、奇遇……当这些摆在他的面前唾手可得时，叶江川便明白，一切都不一样了！,2021-02-20 23:54
每天都离现形更近一步,科幻,陈词懒调,连载,强吗？帅吗？狂吗？牛X吗？智商换的（bushi）。————PS：变异的事不能叫成精。,02-20 23:52
玩家超正义,轻小说,不祈十弦,连载,长夜已至，血月当空。嘶哑的低语声在街角流淌，黄铜的蒸汽机喷出血雾。你的大脑在高歌，眼在吟唱。皮肤皲裂，肉芽隆起。灰雾之中，吞食数千亡骸的血肉之墙终日嚎泣——“别哭，我们家玩家不咬人，他们这是想和你玩呢。”孤独的苟策划、头号玩家、迷雾大陆的拯救者、十三圣者之首、十二正神之友、开拓者之王、“正义者”、第四天灾的守门人、无冕之神，伟大的安南和蔼的劝道。——————已有多本百万字以上完本作品，信誉保证。玩家1群冻水港：641732671,2021-02-21 00:12
我真的是个内线,体育,葛洛夫街兄弟,连载,“ESPN没有把你排入本赛季十佳大前锋行列，不是因为你不够强，而是他们认为一个可以从三分线外晃开对手完成突破，三分命中全联盟前五，组织能力堪比控卫，能够快节奏地全场飞奔，除了身高外和内线几乎完全不搭边的你不算是大前锋。对此，你怎么看？”韦恩面对镜头，十分无辜：“我真的是个内线啊。”,2021-02-21 11:04
什么叫游走型中单啊,游戏,这很科学啊,连载,"{英雄联盟电竞文}3包1,4包2，各种游走支援都是林燃拿手绝活而且他极其擅长打钱发育，能把野怪当自己的兵线刷，搞的自家蒜头王八苦不堪言。S6出道的林燃努力打碎破晓前的黑暗，和队友一起为LPL撑起名为希望的光。群号：1103852302，答案为书名（不加书名号）",2021-02-20 23:24
神秀之主,游戏,文抄公,连载,这是一本严谨的诸天修仙文！且看主角钟神秀如何浪迹诸天，追寻长生，打爆系统，成为诸天之主。这里有现代国术、古典修仙、克系江湖、恐怖世界、蒸汽朋克……无限天地，无限可能，尽在神秀之主！,2021-02-21 15:03
我能提取熟练度,游戏,云东流,连载,特殊技能《殓尸法》，可以通过收敛BOSS的尸体获得死者生前的武功熟练度！收敛泰山派长老的尸体，获得《剑术心得》，增加5000点剑法熟练度！收敛江洋大盗的尸体，获得《轻功心得》，增加1500点内功熟练度！收敛青城掌门的尸体，获得《内功心得》，获得《暗器心得》…………从此以后，夜未明开启了他那杀、埋、超度一条龙的别样游戏之旅。独孤求败：“我独孤求败愿称你为——剑人！”,2021-02-20 21:09
我在幕后调教大佬,玄幻,阎ZK,完本,新版简介这是一个炼假还真的故事。在步步杀机的修行之世里，谨小慎微。让熟悉的神话化为现实。在陌生的修行盛世里，令天庭重镇三界，地府执掌幽冥。让人皇持剑轩辕庇护苍生，让稷下学子传道九洲。回首之时，我三界已真实不虚。那并非传说神话。这，就是真正的历史。旧版简介——妖魔，神灵，怪异。云上俯瞰天下的灵，行走在大地上的人。赵离一头载入了这个危险的时代，直接地狱开局。唯一的破局在于他异变的梦境。为了拼命活下去，他不得不走上一条在梦里具现出各大传说故事的角色，然后想方设法抓人入梦，‘培养’这批人的道路。,2021-02-13 11:51
奶爸学园,都市,剑沉黄海,连载,都说女儿是前世的情人，那万一前身是海王怎么办？在线等，我好方呐~~~金牌编剧穿越而来，面对的不是飞黄腾达三宫六院娱乐帝国，而是，满！园！子！的！瓜！娃！子！（日常风，温馨风，轻喜风，有萌娃，已有完本小说《与萌娃的文艺生活》《哥哥万万岁》）,2021-02-21 00:02
众神世界,玄幻,永恒之火,连载,世界中心的奥林波斯山上，众神之王宙斯紧握雷霆之矛，笑看诸界。他的面前，众神如林。北方的白银之厅，至高王座上的奥丁手持天界之枪，俯视世间。他的眼中，无尽风雪。南方的尼罗河畔，掌舵太阳船的阿蒙拉，目光落在爱琴海上。他的脚下，枯骨如山。两河之地，万王之王马尔杜克，西望天下。他的英雄王吉尔伽美什背负神谕远征希腊，战船如海。柏拉图学院中，一个叫苏业的年轻人，步上群山，登临绝巅。,2021-02-21 11:52
我师兄实在太稳健了,仙侠,言归正传,连载,重生在封神大战之前的上古时代，李长寿成了一个小小的炼气士，没有什么气运加身，也不是什么注定的大劫之子，他只有一个想要长生不老的修仙梦。为了能在残酷的洪荒安身立命，他努力不沾因果，杀人必扬其灰，凡事谋而后动，从不轻易步入危险之中。藏底牌，修遁术，炼丹毒，掌神通，不动稳如老狗，一动石破天惊，动后悄声走人。本来李长寿规划中，自己会一直躲在山中平安无事的修行成仙，直到有一年，他的老师父静极思动，又给他……收了个师妹回来……【PS：暂时不开新群，五群（1098711961）壹群（474095492）贰群（836797636）叁群（398929196）肆群（1071059242）贯彻到底，轻松修仙！】,2021-02-16 00:16
