book_name,author,publish,publish_author,translator,page,price,decoration,ISBN,average_rate
活着,余华,作家出版社,,,191,20.00元,平装,9787506365437,9.4
白夜行,[日] 东野圭吾,南海出版公司,新经典文化,刘姿君,538,39.50元,精装,9787544258609,9.1
夜晚的潜水艇,陈春成,上海三联书店,理想国,,224,52,精装,9787542669964,8.5
红楼梦,[清] 曹雪芹 著,人民文学出版社,,,1606,59.70元,平装,9787020002207,9.6
文城,余华,北京十月文艺出版社,新经典文化,,348,59.00元,精装,9787530221099,7.8
房思琪的初恋乐园,林奕含,北京联合出版公司,磨铁图书,,272,45.00元,平装,9787559614636,9.2
小王子,"[法]
            安东尼・德・圣-埃克苏佩里",人民文学出版社,,马振聘,97,22.00元,平装,9787020042494,9.0
百年孤独,"[哥伦比亚]
            加西亚・马尔克斯",南海出版公司,新经典文化,范晔,360,39.50元,精装,9787544253994,9.3
解忧杂货店,"[日本]
            东野圭吾",南海出版公司,新经典文化,李盈春,291,39.50元,精装,9787544270878,8.5
追风筝的人,"[美]
            卡勒德・胡赛尼",上海人民出版社,世纪文景,李继宏,362,29.00元,平装,9787208061644,8.9
暗夜与黎明,[英] 肯・福莱特,江苏凤凰文艺出版社,,邓若虚,960,118.00元,平装,9787559454935,8.1
1984,"[英]
            乔治・奥威尔",北京十月文艺出版社,新经典文化,刘绍铭,304,28.00,精装,9787530210291,9.3
杀死一只知更鸟,"[美国]
            哈珀・李",译林出版社,,高红梅,346,32.00元,精装,9787544722766,9.2
许三观卖血记,余华,作家出版社,,,264,24.00元,平装,9787506365680,9.0
三体全集,刘慈欣,重庆出版社,科幻世界,,1285,168.00元,精装,9787229042066,9.4
局外人,"[法]
            阿尔贝・加缪",上海译文出版社,,柳鸣九,128,22.00元,精装,9787532751471,9.0
霍乱时期的爱情,[哥伦比亚] 加西亚・马尔克斯,南海出版公司,新经典文化,杨玲,401,39.50元,精装,9787544258975,9.0
三体,刘慈欣,重庆出版社,科幻世界,,302,23.00,平装,9787536692930,8.8
蛤蟆先生去看心理医生,【英】罗伯特・戴博德,天津人民出版社,果麦文化,陈赢,208,38.00元,平装,9787201161693,8.7
绝叫,[日] 叶真中显,北京联合出版公司,联合读创,林佩瑾,461,58.00,平装,9787559641182,8.7
人生海海,麦家,北京十月文艺出版社,新经典文化,,345,55.00元,精装,9787530219218,8.1
云边有个小卖部,张嘉佳,湖南文艺出版社,博集天卷,,328,42.00元,平装,9787540487645,7.6
月亮与六便士,[英] 威廉・萨默塞特・毛姆,浙江文艺出版社,大星文化,徐淳刚,304,39.80元,平装,9787533936020,8.8
围城,钱钟书,人民文学出版社,,,362,39.00元,精装,9787020090006,9.3
默读,Priest,百花洲文艺出版社,,,344,45.00,平装,9787550025103,8.3
两京十五日,马伯庸,湖南文艺出版社,博集天卷,,584,108.00元,平装,9787540496715,8.1
马可瓦尔多,[意] 伊塔洛・卡尔维诺,译林出版社,,马小漠,160,42.00元,精装,9787544779470,9.0
平凡的世界（全三部）,路遥,人民文学出版社,,,1631,64.00元,平装,9787020049295,9.0
生吞,郑执,浙江文艺出版社,,,288,39.00,平装,9787533950057,8.0
回归故里,[法]迪迪埃・埃里蓬,上海文化出版社,后浪,王献,184,48.00元,精装,9787553518510,8.9
嫌疑人X的献身,"[日本]
            东野圭吾",南海出版公司,新经典文化,刘子倩,251,28.00,精装,9787544241694,8.9
围城,钱钟书,人民文学出版社,,,359,19.00,平装,9787020024759,8.9
飘,"[美国]
            玛格丽特・米切尔",译林出版社,,李美华,1235,40.00元,精装,9787806570920,9.3
白鹿原,陈忠实,人民文学出版社,,,697,39.00元,精装,9787020090297,9.2
烧纸,[韩] 李沧东,武汉大学出版社,鹿书deerbook,金冉,320,58.00,平装,9787307207004,8.6
克拉拉与太阳,[英] 石黑一雄,上海译文出版社,,宋佥,392,68.00,精装,9787532786831,8.4
斯通纳,[美] 约翰・威廉斯,上海人民出版社,世纪文景,杨向荣,336,49.00元,精装,9787208130500,8.8
恶意,"[日本]
            东野圭吾",南海出版公司,新经典文化,娄美莲,268,39.50元,精装,9787544285148,8.7
献给阿尔吉侬的花束,[美] 丹尼尔・凯斯,广西师范大学出版社,理想国,陈澄和,288,36.00元,平装,9787549565115,9.1
我的天才女友,"[意大利]
            埃莱娜・费兰特",人民文学出版社,99读书人,陈英,330,42.00元,平装,9787020120130,8.6
月亮和六便士,"[英]
            威廉・萨默塞特・毛姆",上海译文出版社,,傅惟慈,275,15.00元,平装,9787532739547,9.0
鼠疫,(法)阿尔贝・加缪,上海译文出版社,,刘方,273,34.00元,,9787532761753,9.0
美丽新世界,[英] 赫胥黎,上海译文出版社,,陈超,360,45.00元,精装,9787532774685,9.1
飞行家,双雪涛,广西师范大学出版社,理想国,,307,45.00元,精装,9787549599349,8.1
牧羊少年奇幻之旅,[巴西] 保罗・柯艾略,南海出版公司,新经典文化,丁文林,217,25.00元,精装,9787544244190,8.5
动物农场,"[英]
            乔治・奥威尔",上海译文出版社,,荣如德,119,10.00元,平装,9787532741854,9.2
平凡的世界,路遥,北京十月文艺出版社,,,1251,CNY 79.80,平装,9787530212004,9.0
明朝那些事儿（1-9）,当年明月,中国海关出版社,磨铁图书,,,358.20元,精装16开,9787801656087,9.1
骆驼祥子,老舍,人民文学出版社,,,224,12.00,平装,9787020028115,8.4
银河系边缘的小失常,[以色列] 埃特加・凯雷特,浦睿文化・湖南文艺出版社,浦睿文化,方铁,232,49.00元,平装,9787540489502,8.1
光明共和国,[西]安德烈斯・巴尔瓦,广西师范大学出版社,理想国,蔡学娣,188,46,精装,9787559826398,8.7
杀死一只知更鸟,"[美国]
            哈珀・李",译林出版社,,李育超,442,48.00,精装,9787544766500,9.3
野猪渡河,张贵兴,后浪丨四川人民出版社,后浪,,416,58.00元,平装,9787220119859,8.8
边城,沈从文,北岳文艺出版社,,,174,12.00元,平装,9787537823425,8.7
82年生的金智英,[韩]赵南柱,贵州人民出版社,磨铁・大鱼读品,尹嘉玄,200,45.00元,平装,9787221153159,7.9
一句顶一万句,刘震云,长江文艺出版社,长江新世纪,,362,29.80,精装,9787535439765,8.7
候场,李诞,上海文艺出版社,,,216,42,精装,9787532178018,7.6
盗墓笔记,南派三叔,上海文化出版社,,,2441,295.20,,9787807407904,8.5
糜骨之壤,[波] 奥尔加・托卡尔丘克,浙江文艺出版社,可以文化,何娟,331,56.00元,平装,9787533962968,8.2
基督山伯爵,大仲马,上海译文出版社,,周克希,1453,43.90元,精装,9787532712243,9.0
遥远的救世主,豆豆,作家出版社,,,592,28.00,平装,9787506331746,8.7
树上的男爵,[意] 伊塔洛・卡尔维诺,译林出版社,,吴正仪,280,30.00元,精装,9787544722803,9.1
黄金时代,王小波,花城出版社,,,375,19.00元,平装,9787536025080,8.9
晚婚,辽京,中信出版集团,中信・春潮,,,49.80,平装,9787521725353,7.3
三体Ⅱ,刘慈欣,重庆出版社,科幻世界,,470,32.00,平装,9787536693968,9.3
呐喊,鲁迅,人民文学出版社,,,160,0.36元,平装,,9.0
巨人的陨落,[英] 肯・福莱特,江苏凤凰文艺出版社,读客文化,于大卫,1168,129.80元,平装,9787539989891,8.9
嫌疑人X的献身,[日]东野圭吾,南海出版公司,新经典文化,刘子倩,256,35.00元,精装,9787544267618,9.0
人间失格,太宰治,吉林出版集团有限责任公司,,许时嘉,168,16.00元,平装,9787546302393,8.3
傲慢与偏见,"[英]
            简・奥斯汀",人民文学出版社,,张玲,310,13.00元,平装,9787020040179,8.9
寂寞的游戏,袁哲生,北京联合出版公司,后浪,,248,38.00元,平装,9787559604170,8.4
怪诞故事集,[波兰] 奥尔加・托卡尔丘克,浙江文艺出版社,可以文化,李怡楠,244,45.00元,平装,9787533960759,8.1
金色梦乡,"[日]
            伊坂幸太郎",南海出版公司,新经典文化,代珂,512,49.50元,精装,9787544285025,8.9
天涯客（下册）,Priest,N藏文化股份有限公司,,,317,NTD 240,平装,9789868959484,7.9
无声告白,[美] 伍绮诗,江苏凤凰文艺出版社,读客文化,孙璐,296,35.00元,平装,9787539982830,8.2
恶意,"[日本]
            东野圭吾",南海出版公司,新经典文化,娄美莲,264,18.00,平装,9787544244428,8.5
长夜难明,紫金陈,云南人民出版社,浦睿文化,,288,42.00元,平装,9787222143975,8.5
城南旧事,林海音,中国青年出版社,,,198,16.00元,平装,9787500652045,9.0
挪威的森林,"[日]
            村上春树",上海译文出版社,,林少华,350,18.80元,平装,9787532725694,8.0
往复书简：初恋与不伦,[日] 坂元裕二,北京联合出版公司,一folio,蕾克,188,42.00,平装,9787559639301,8.4
夜行货车,陈映真,九州出版社,理想国,,420,76,精装,9787510884238,9.0
正常人,[爱尔兰] 萨莉・鲁尼,上海译文出版社,群岛图书,钟娜,260,49.80元,平装,9787532784301,8.1
鸳鸯六七四,马家辉,花城出版社,青马文化,,400,59.00元,平装,9787536091689,8.3
山茶文具店,[日] 小川糸,湖南文艺出版社,,王蕴洁,320,49.80,精装,9787540485337,8.3
失踪的孩子,[意] 埃莱娜・费兰特,人民文学出版社,99读书人,陈英,480,62.00元,平装,9787020139927,9.2
四世同堂,老舍,北京十月文艺出版社,新经典文化,,590,36.00元,精装,9787530209226,9.3
许三观卖血记,余华,南海出版公司,,,269,16.80元,平装,9787544211765,8.8
刀锋,[英]毛姆,上海译文出版社,,周煦良,318,18.00元,平装,9787532741922,9.0
记忆记忆,[俄] 玛丽亚・斯捷潘诺娃,中信出版集团,大方,李春雨,432,78.00,平装,9787521720884,8.5
三国演义（全二册）,罗贯中,人民文学出版社,,,990,39.50元,平装,9787020008728,9.3
新名字的故事,"[意大利]
            埃莱娜・费兰特",人民文学出版社,99读书人,陈英,492,59.00元,平装,9787020125265,9.1
福尔摩斯探案全集（上中下）,"[英]
            阿瑟・柯南・道尔",群众出版社,,丁钟华 等,531；706；583,53.00元/68.00元,平装/精装,9787501408580,9.3
风声,麦家,上海文艺出版社,读客文化,,374,59.90,精装,9787532177721,8.6
流金岁月,"[加拿大]
            亦舒",海天出版社,,,192,9.80元,平装,9787806154441,8.3
兄弟,余华,作家出版社,,,646,43.00元,平装,9787506365697,8.5
三体Ⅲ,刘慈欣,重庆出版社,科幻世界,,513,38.00元,平装,9787229030933,9.2
有匪（全集）,Priest,湖南文艺出版社,,,,140.00元,平装,9787540483012,8.6
岛上书店,[美] 加布瑞埃拉・泽文,江苏凤凰文艺出版社,读客文化,孙仲旭,271,CNY 35.00,平装,9787539971810,7.6
克莱因壶,[日]冈岛二人,化学工业出版社,悦读名品,张舟,320,48.00元,平装,9787122346032,8.8
哈利・波特与魔法石,"[英]
            J・K・罗琳",人民文学出版社,,苏农,191,19.50元,平装,9787020033430,9.1
雪国,川端康成,南海出版公司,新经典文化,叶渭渠,231,CNY 32.00,精装,9787544265591,8.1
在细雨中呼喊,余华,作家出版社,,,283,25.00元,平装,9787506365604,8.6
繁花,金宇澄,上海文艺出版社,,,444,48.00元,平装,9787532148004,8.7
肖申克的救赎,"[美]
            斯蒂芬・金",人民文学出版社,99读书人,施寄青,466,29.90元,平装,9787020054985,9.1
一个陌生女人的来信,"[奥地利]
            斯蒂芬・茨威格",上海译文出版社,,张玉书,340,20.00元,平装,9787532741571,8.7
人生,路遥,北京十月文艺出版社,,,225,20.00元,平装,9787530209578,8.5
卡拉马佐夫兄弟,陀思妥耶夫斯基 (Ф.М.Достоевский),上海译文出版社,,荣如德,985,CNY 78.00,平装,9787532763696,9.7
台北人,白先勇,广西师范大学出版社,理想国,,392,38.00元,精装,9787563397648,8.9
老人与海,"[美国]
            欧内斯特・海明威",上海译文出版社,,吴劳,104,8.20元,平装,9787532723447,8.4
局外人,(法)阿尔贝・加缪,上海译文出版社,,柳鸣九,160,22.00,平装,9787532761760,9.1
窗边的小豆豆,[日] 黑柳彻子 著,南海出版公司,新经典文化,赵玉皎,288,20.00元,平装,9787544222976,8.7
仙症,郑执,理想国 | 北京日报出版社,理想国,,240,58.00,精装,9787547738207,8.2
孽子,白先勇,广西师范大学出版社,理想国,,552,46.00元,精装,9787563397655,9.1
夏天、烟火和我的尸体,[日] 乙一,南海出版公司,新经典文化,连子心,192,45.00,精装,9787544296274,7.4
面纱,"[英]
            威廉・萨默塞特・毛姆",重庆,华章同人,阮景林,249,32.00元,精装,9787229050238,8.7
草房子,曹文轩,江苏少年儿童出版社,,,296,18.00元,平装,9787534618727,9.0
安娜・卡列尼娜,"[俄]
            列夫・托尔斯泰",上海文艺出版社,,草婴,788,37.00元,平装,9787532132256,9.2
土星之环,[德] 温弗里德・塞巴尔德,广西师范大学出版社,新民说,闵志荣,312,64.00元,精装,9787559828309,8.8
小行星掉在下午,沈大成,理想国 | 广西师范大学出版社,理想国,,296,54.00,精装,9787559823144,8.0
坏小孩,紫金陈,湖南文艺出版社,浦睿文化,,452,54.00元,平装,9787540468422,7.3
长日将尽,[英] 石黑一雄,上海译文出版社,,冯涛,337,48.00元,精装,9787532777532,8.8
罗杰疑案,[英] 阿加莎・克里斯蒂,新星出版社,,常禾,246,28.00元,平装,9787513311236,9.2
白色橄榄树,玖月,百花洲文艺出版社,白马时光,,640,69.80元,平装,9787550032071,8.7
无人生还,"[英]
            阿加莎・克里斯蒂",人民文学出版社,99读书人,祁阿红,254,19.00,平装,9787020065394,8.9
平原上的摩西,双雪涛,百花文艺出版社,青橙文化,,222,39.50元,精装,9787530669624,8.2
活着,余华,作家出版社,,,191,15.00元,平装,9787506355957,9.3
晚熟的人,莫言,人民文学出版社,,,380,59,精装,9787020164776,7.7
一个叫欧维的男人决定去死,"[瑞典]
            弗雷德里克・巴克曼",四川文艺出版社,磨铁・大鱼读品,宁蒙,312,35.00元,平装,9787541142185,9.0
喀耳刻,[美]马德琳・米勒（Madeline Miller）,中信出版集团,,姜小瑁,496,69.00元,平装,9787521722130,8.4
天龙八部,金庸,生活・读书・新知三联书店,,,1978,96.00元,平装,9787108006721,9.1
外婆的道歉信,"[瑞典]
            弗雷德里克・巴克曼",天津人民出版社,果麦文化,孟汇一,352,42.00元,平装,9787201116693,8.0
你的夏天还好吗？,[韩]金爱烂,人民文学出版社,,薛舟,228,32.00,平装,9787020115518,8.6
破云,淮上,江苏凤凰文艺出版社,,,328,49.80元,平装,9787559436399,8.2
穆斯林的葬礼,霍达,北京十月文艺出版社,,,750,32.00,平装,9787530201244,8.1
卡拉马佐夫兄弟,[俄] 费奥多尔・陀思妥耶夫斯基,上海译文出版社,,荣如德,847,25.00元,平装,9787532740086,9.4
信,[日] 东野圭吾,北京联合出版公司,磨铁图书,赵江,320,48.00,平装,9787559607959,8.2
偷影子的人,"[法]
            马克・李维",湖南文艺出版社,博集天卷,段韵灵,227,29.80元,平装,9787540455958,7.7
某某,木苏里,江苏凤凰文艺出版社,,,336,49.80元,平装,9787559439833,8.0
红楼梦,曹雪芹,人民文学出版社,,,1436,CNY 260.00,精装,9787020125562,9.8
罪与罚,"[俄]
            费奥多尔・陀思妥耶夫斯基",上海译文出版社,,岳麟,471,23.00元,平装,9787532740079,9.2
普通婚姻,荞麦,世纪文景/上海人民出版社,,,232,56.00元,精装,9787208166677,7.0
皮囊,蔡崇达,天津人民出版社,果麦文化,,264,39.80元,精装,9787201088945,7.6
东方快车谋杀案,"[英]
            阿加莎・克里斯蒂",人民文学出版社,99读书人,陈尧光,254,18.00元,平装,9787020056309,9.0
13 67,浩基,皇冠,,,496,NT$350,平装,9789573330806,9.1
悉达多,"[德]
            赫尔曼・黑塞",上海人民出版社,世纪文景,杨玉功 译,157,20.00,平装,9787208081628,9.0
无人生还,[英] 阿加莎・克里斯蒂,新星出版社,,夏阳,237,28.00元,平装,9787513312929,8.6
小径分岔的花园,[阿根廷] 豪・路・博尔赫斯,上海译文出版社,,王永年,102,23.00,平装,9787532762897,8.9
第七天,余华,新星出版社,新经典文化,,,39.5,精装,9787513331418,7.7
麦田里的守望者,J・D・塞林格,译林出版社,,孙仲旭,448,28.00元,平装,9787544701754,8.1
不能承受的生命之轻,"[捷克]
            米兰・昆德拉",上海译文出版社,,许钧,394,23.00元,平装,9787532731077,8.5
失明症漫记,[葡] 若泽・萨拉马戈,南海出版公司,新经典文化,范维信,281,29.50,平装,9787544264112,9.1
呼兰河传,萧红,百花文艺出版社,,,271,19.00,平装,9787530640470,8.9
动物农场,[英]乔治・奥威尔,上海译文出版社,,荣如德,143,22.00元,精装,9787532751457,9.4
冬泳,班宇,上海三联书店,理想国,,308,49.00元,精装,9787542664051,8.0
受戒,汪曾祺,漓江出版社,,,573,3.95元,平装,9787540701758,9.3
我本不该成为母亲,[加拿大] 阿什莉・奥德兰,中信出版社,企鹅兰登中国,李雅欣,336,58.00,平装,9787521726527,8.2
南货店,张忌,中信出版集团,大方,,480,69,平装,9787521717693,8.2
伪装学渣,木瓜黄,北京时代华文书局,,,288,39.80元,平装,9787569930337,6.5
桶川跟踪狂杀人事件,[日] 清水洁,后浪丨四川人民出版社,后浪,王华懋,328,45.00元,平装,9787220118906,9.3
离开的，留下的,[意] 埃莱娜・费兰特,人民文学出版社,99读书人,陈英,417,62.00元,平装,9787020132003,8.8
祈念守护人,[日] 东野圭吾,南海出版公司,新经典文化,宋刚,320,59.00,精装,9787544299015,7.6
难哄,竹已,江苏凤凰文艺出版社,,,352,48.00元,平装,9787559452788,7.3
|蛄吟唱的地方,[美] 迪莉娅・欧文斯,博集天卷 | 湖南文艺出版社,博集天卷,王泽林,368,58,精装,9787540492885,8.7
灿烂千阳,"[美]
            卡勒德・胡赛尼",上海人民出版社,世纪文景,李继宏,428,28.00元,平装,9787208072107,8.8
包法利夫人,福楼拜,人民文学出版社,,李健吾,302,CNY 28.00,精装,9787020104499,9.0
一桩事先张扬的凶杀案,"[哥伦比亚]
            加西亚・马尔克斯",南海出版公司,新经典文化,魏然,144,25.00元,精装,9787544266123,8.7
小蘑菇,一十四洲,读创 | 北京联合出版公司,联合读创,,320,49.8元,平装,9787559642325,8.6
了不起的盖茨比,"[美国]
            弗・司各特・菲茨杰拉德",南海出版公司,新经典文化,邓若虚,197,25.00元,精装,9787544258661,8.7
彷徨,鲁迅,人民文学出版社,,,162,0.37元,平装,,9.1
西线无战事,[德] 埃里希・玛丽亚・雷马克,上海文艺出版社,果麦文化,姜乙,256,49,平装,9787532178377,9.4
鲁滨孙历险记,"[英]
            丹尼尔・笛福",上海译文出版社,,黄杲,292,10.00元,平装,9787532739691,8.1
莫斯科绅士,[美] 埃默・托尔斯,湖南文艺出版社,博集天卷,马韧,592,79.80元,精装,9787540485528,8.9
《大江大河》四部曲,阿耐,读客・北京联合出版公司,,,2300,320.00,平装,9787559620446,8.3
天官赐福,杜枫,三~草出版社,,,,,,9789867079985,8.2
一九八四,[英]乔治・奥威尔,上海译文出版社,,董乐山,358,29.00元,精装,9787532747993,9.4
那个不为人知的故事,Twentine,江苏文艺出版社,,,,32.00元,平装,9787539987446,8.6
半生缘,张爱玲,北京十月文艺出版社,青马文化,,345,29.60元,平装,9787530211144,9.1
西游记（全二册）,吴承恩,人民文学出版社,,黄肃秋 注释,1198,47.20元,平装,9787020008735,8.9
西西弗神话,[法]阿尔贝・加缪,读客/江苏凤凰文艺出版社,读客文化,李玉民,208,45元,精装,9787559446244,8.9
活着,余华,北京十月文艺出版社,新经典文化,,224,35.00元,精装,9787530215593,9.4
鞋带,[意] 多梅尼科・斯塔尔诺内,上海译文出版社,群岛图书,陈英,150,45,平装,9787532783243,8.0
消失的13级台阶,[日] 高野和明,上海文艺出版社,读客文化,赵建勋,288,42.00元,平装,9787532175512,8.7
红玫瑰与白玫瑰,张爱玲,北京十月文艺出版社,青马文化,,290,28.00元,平装,9787530211151,8.8
T春,吉田 珠,二房,,,,JPY 710,文,9784576150215,
情人,"[法]
            玛格丽特・杜拉斯",上海译文出版社,,王道乾,146,20.00元,精装,9787532736874,8.1
永恒的终结,[美] 艾萨克・阿西莫夫,江苏凤凰文艺出版社,读客文化,崔正男,264,32.00元,平装,9787539957173,9.0
漫长的告别,[美] 雷蒙德・钱德勒,海南出版社,读客文化,姚向辉,432,69.00,精装,9787544384636,8.2
平面国,[英] 埃德温・A・艾勃特,上海文化出版社,果麦文化,鲁冬旭,216,39.8元,平装,9787553520643,9.2
摆渡人,"[英国]
            克莱儿・麦克福尔",百花洲文艺出版社,,付强,280,36.00,平装,9787550013247,6.2
看不见的城市,[意] 伊塔洛・卡尔维诺,译林出版社,,张密,182,25.00元,精装,9787544722278,9.0
倾城之恋,张爱玲,"北京出版集团公司,北京十月文艺出版社",青马文化,,326,29.80元,平装,9787530211168,8.8
故事新编,鲁迅,人民文学出版社,,,129,0.31 元,平装,,9.4
聋哑时代,双雪涛,广西师范大学出版社,理想国,,248,54.00,精装,9787559826329,8.2
傲慢与偏见,"[英]
            简・奥斯汀",译林出版社,,孙致礼,304,18.50元,精装,9787544711302,9.0
强风吹拂,三浦紫苑,广西师范大学出版社,理想国,林佩瑾,434,39.00元,平装,9787549559671,9.0
情书,"[日]
            岩井俊二",天津人民出版社,新经典文化,穆晓芳,256,18.00元,平装,9787201048161,8.6
司藤,尾鱼,江苏文艺出版社,,,600,56.50元,平装,9787539985374,8.2
沉默的病人,[英]亚历克斯・麦克利兹,河南文艺出版社,读客文化,祁阿红,360,45.00,平装,9787555910749,7.9
海底两万里,"[法]
            儒勒・凡尔纳",译林出版社,,沈国华,414,19.50元,精装,9787806574317,8.5
挪威的森林,"[日]
            村上春树",上海译文出版社,,林少华,384,23.00元,平装,9787532742929,8.5
呼吸,[美] 特德・姜,译林出版社,,耿辉,330,42,平装,9787544779319,8.6
夏日终曲,"[美国]
            安德烈・艾席蒙",外语教学与研究出版社,雅众文化,吴妍蓉,244,39.90,平装,9787513598255,8.7
海风中失落的血色馈赠,[加拿大] 阿利斯泰尔・麦克劳德,上海文艺出版社,99读书人,陈以侃,163,CNY 20.00,平装,9787532156825,9.1
尘埃落定,阿来,人民文学出版社,,,408,22.0,平装,9787020033645,8.5
放学后,（日）东野圭吾,南海出版公司,新经典文化,赵峻,215,20.00,平装,9787544245517,7.6
了不起的盖茨比,菲茨杰拉德,人民文学出版社,,姚乃强,192 页,12.00元,平装,9787020046089,8.4
德米安,"[德]
            赫尔曼・黑塞",上海人民出版社,,丁君君,193,25.00元,平装,9787208081550,9.0
挪威的森林,[日]村上春树,上海译文出版社,,林少华,380,38.00元,平装,9787532776771,8.5
江南三部曲,格非,北京十月文艺出版社,新经典文化,,1184,158.00元,平装,9787530219805,8.4
白鹿原,陈忠实,人民文学出版社,,,677,28.00元,平装,9787020026906,8.7
告白,[日] 凑佳苗,湖南文艺出版社,博集天卷,竺家荣,240,36.80元,精装,9787540473990,8.8
你一生的故事,[美] 特德・姜,译林出版社,,李克勤,292,36.00元,精装,9787544752473,8.7
简爱（英文全本）,"[英]
            夏洛蒂・勃朗特",世界图书出版公司,,,436,18.00元,平装,9787506261579,8.5
简爱,[英] 夏洛蒂・勃朗特,上海文艺出版社,,宋兆霖,495,27.00元,平装,9787532131990,8.6
城南旧事,林海音,人民文学出版社,99读书人,,141,13.00元,平装,9787020066919,9.1
追忆似水年华,"[法]
            马塞尔・普鲁斯特",译林出版社,,李恒基,2700,328.00元,精装,9787544716239,9.2
天才基本法,长洱,江苏凤凰文艺出版社,记忆坊,,,78.00元,平装,9787559437389,8.6
棋王,阿城,上海三联书店,理想国,,208,48.00元,精装,9787542665010,9.0
一个叫欧维的男人决定去死,[瑞典] 弗雷德里克・巴克曼,四川文艺出版社,磨铁・大鱼读品,宁蒙,312,39.8,平装,9787541146565,9.2
凡人之心,[英] 威廉・博伊德,湖南文艺出版社,浦睿文化,王一凡,728,79.00元,平装,9787540498016,8.5
我的二本学生,黄灯,人民文学出版社,,,320,45.00元,平装,9787020161874,7.7
流金岁月,亦舒,湖南文艺出版社,,,272,43.80元,精装,9787540485443,7.8
平凡的世界（全三册）,路遥,北京十月文艺出版社,,,1251,68.00元,平装,9787530209554,9.1
陆犯焉识,严歌苓,作家出版社,,有2014年5月5印本,415,38.00元,平装,9787506373753,8.8
梦里花落知多少,郭敬明,春风文艺出版社,,,252,20.00元,平装,9787531325093,7.1
醉步男,[日]小林泰三,北京时代华文书局,二厂,丁丁虫,208,49.00,精装,9787569926910,8.5
麦琪的礼物,"[美]
            欧・亨利",上海社会科学院出版社,99读书人,张经浩,354,25.00元,平装,9787806812297,8.6
一个人的朝圣,[英] 蕾秋・乔伊斯,北京联合出版公司,磨铁・大鱼读品,黄妙瑜,320,32.80,平装,9787550213524,8.1
球状闪电,刘慈欣,四川科学技术出版社,科幻世界,,281,22.00元,平装,9787536455382,8.7
使女的故事,[加拿大] 玛格丽特・阿特伍德,上海译文出版社,,陈小慰,392,49.00元,平装,9787532776337,8.4
白夜行,"[日本]
            东野圭吾",南海出版公司,新经典文化,刘姿君,467,29.80元,平装,9787544242516,9.1
动物庄园,乔治?奥威尔 (George Orwell),上海三联书店,,隗静秋,117,16.00元,平装,9787542630544,9.3
檀香刑,莫言,浙江文艺出版社,可以文化,,418,56.00元,平装,9787533946647,9.1
新参者,[日] 东野圭吾,南海出版公司,新经典文化,岳远坤,264,39.50元,精装,9787544281102,8.2
黄金时代,王小波,北京十月文艺出版社,新经典・琥珀,,235,35.00元,精装,9787530216606,8.8
笑傲江湖（全四册）,金庸,生活・读书・新知三联书店,,,1599,76.80元,平装,9787108006639,9.0
扫鼠岭,呼延云,新星出版社,,,500,58.00元,平装,9787513340625,8.1
步履不停,"[日]
            是枝裕和",北京联合出版公司,,郑有杰,236,36.80元,平装,9787550297685,8.7
谎言之家,[瑞典] 马提亚斯・爱德华森,四川文艺出版社,磨铁图书,郭腾坚,432,55.00,平装,9787541158087,7.9
福尔摩斯探案全集诺顿注释本 第一卷,[英]阿瑟・柯南・道尔 著,浦睿文化・湖南文艺出版社,浦睿文化,刘彬,1000,128.00元,精装,9787540484170,9.5
坠物之声,[哥伦比亚] 胡安・加夫列尔・巴斯克斯,上海人民出版社,世纪文景,谷佳维,360,59.00元,精装,9787208167506,8.4
人性的枷锁,[英] 威廉・萨默塞特・毛姆,江西人民出版社,果麦文化,张乐,664,68.00元,平装,9787210082903,9.2
慎余堂,李静睿,广西师范大学出版社,,,430,64,精装,9787559833167,8.1
查令十字街84号,"[美]
            海莲・汉芙",译林出版社,,陈建铭,155,35.00元,精装,9787544762885,8.2
红手指,[日] 东野圭吾,南海出版公司,新经典文化,于壮,232,39.50,精装,9787544281331,8.0
三生三世 十里桃花,唐七公子,沈阳出版社,,,288,26.80,平装16开,9787544138000,7.8
金阁寺,"[日]
            三岛由纪夫",上海译文出版社,,唐月梅,227,24.00,平装,9787532744565,8.7
诡计博物馆,[日] 大山诚一郎,上海文艺出版社,,吕平,272,39.90元,平装,9787532176090,7.5
平凡的世界,路遥,北京十月文艺出版社,,,1392,99.00元,精装,9787530211984,9.1
香水,[德] 帕・聚斯金德,上海译文出版社,,李清华,272,25.00元,精装,9787532745449,8.9
茶花女,[法] 小仲马,上海译文出版社,,王振孙,217,15.00元,平装,9787532751235,8.6
斗罗大陆（全14卷）,唐家三少,太白文艺出版社,,,,364.00元,平装,9787806806890,7.0
全球高考,木苏里,北京燕山出版社,,,,180.00元,平装,9787540258405,7.5
月亮和六便士,[英] 毛姆,上海译文出版社,,傅惟慈,347,32.00元,精装,9787532749003,9.1
如父如子,[日] 是枝裕和,湖南文艺出版社,博集天卷,丹勇,298,49.80,精装,9787540484651,8.9
守夜者4,法医秦明,北京联合出版公司,,,376,48.00,平装,9787559647191,6.9
明朝那些事儿,当年明月,浙江人民出版社,磨铁图书,,2072,208.60,平装,9788721304621,9.2
红与黑,[法] 司汤达,人民文学出版社,,张冠尧,562,20.00元,平装,9787020035878,8.2
长安十二时辰 上,马伯庸,湖南文艺出版社,博集天卷,,656,39.80元,平装,9787540478315,8.4
悲惨世界,[法] 雨果,人民文学出版社,,李丹,1435,110.00元,精装,9787020104345,9.5
证言,[加拿大] 玛格丽特・阿特伍德,上海译文出版社,,于是,451,69.00元,平装,9787532785056,8.9
暗恋・橘生淮南,八月长安,湖南文艺出版社,博集天卷,,800,58,上下册套装,9787540465995,7.9
人生的枷锁,"[英]
            威廉・萨默塞特・毛姆",上海译文出版社,,张柏然,672,32.00元,平装,9787532741731,9.0
ZOO,"[日本]
            乙一",当代世界出版社,,李颖秋,319,20.00元,平装,9787509002780,8.6
棋王・树王・孩子王,阿城,江苏文艺出版社,,,200,58.00,精装,9787539979359,9.2
额尔古纳河右岸,迟子建,北京十月文艺出版社,,,262,29.00元,平装,9787530209936,9.0
那不勒斯故事四部曲,"[意大利]
            埃莱娜・费兰特",大K文化,,李o宜,,,平装,9789862138533,9.2
逍遥游,班宇,理想国|春风文艺出版社,理想国,,293,58.00元,精装,9787531357759,7.7
骆驼祥子,老舍,南海出版公司,新经典文化,,402,25.00元,平装,9787544246279,9.1
我的妹妹是连环杀手,[尼日利亚]欧因坎・布雷思韦特,一folio | 广西师范大学出版社,一folio,黄潇潇,280,49,平装,9787559833310,7.2
余生，请多指教,柏林石匠,百花洲文艺出版社,酷威文化,,316,32.00元,平装,9787550019157,6.6
天官n福 一,墨香~臭,平心出版,,,352,TWD 380,平装,9789864940257,7.7
远山淡影,"[英]
            石黑一雄",上海译文出版社,,张晓意,249,27.00元,精装,9787532753451,8.2
